kind,digit,output_path,source_path,window_id,cell_index,sequence
direct,0,train/0/meter_20260130_s2_d0__direct_r00.png,train/0/meter_20260130_s2_d0.png,,,0
direct,0,train/0/meter_20260130_s2_d0__direct_r01.png,train/0/meter_20260130_s2_d0.png,,,0
direct,0,train/0/meter_20260130_s2_d0__direct_r02.png,train/0/meter_20260130_s2_d0.png,,,0
direct,0,train/0/meter_20260130_s2_d0__direct_r03.png,train/0/meter_20260130_s2_d0.png,,,0
direct,0,train/0/meter_20260130_s2_d0__direct_r04.png,train/0/meter_20260130_s2_d0.png,,,0
direct,0,train/0/meter_20260130_s2_d0__direct_r05.png,train/0/meter_20260130_s2_d0.png,,,0
direct,0,train/0/meter_20260202_s2_d0__direct_r00.png,train/0/meter_20260202_s2_d0.png,,,0
direct,0,train/0/meter_20260202_s2_d0__direct_r01.png,train/0/meter_20260202_s2_d0.png,,,0
direct,0,train/0/meter_20260202_s2_d0__direct_r02.png,train/0/meter_20260202_s2_d0.png,,,0
direct,0,train/0/meter_20260202_s2_d0__direct_r03.png,train/0/meter_20260202_s2_d0.png,,,0
direct,0,train/0/meter_20260202_s2_d0__direct_r04.png,train/0/meter_20260202_s2_d0.png,,,0
direct,0,train/0/meter_20260202_s2_d0__direct_r05.png,train/0/meter_20260202_s2_d0.png,,,0
direct,0,train/0/meter_20260210_s3_d0__direct_r00.png,train/0/meter_20260210_s3_d0.png,,,0
direct,0,train/0/meter_20260210_s3_d0__direct_r01.png,train/0/meter_20260210_s3_d0.png,,,0
direct,0,train/0/meter_20260210_s3_d0__direct_r02.png,train/0/meter_20260210_s3_d0.png,,,0
direct,0,train/0/meter_20260210_s3_d0__direct_r03.png,train/0/meter_20260210_s3_d0.png,,,0
direct,0,train/0/meter_20260210_s3_d0__direct_r04.png,train/0/meter_20260210_s3_d0.png,,,0
direct,0,train/0/meter_20260210_s3_d0__direct_r05.png,train/0/meter_20260210_s3_d0.png,,,0
direct,0,train/0/meter_20260323_s3_d0__direct_r00.png,train/0/meter_20260323_s3_d0.png,,,0
direct,0,train/0/meter_20260323_s3_d0__direct_r01.png,train/0/meter_20260323_s3_d0.png,,,0
direct,0,train/0/meter_20260323_s3_d0__direct_r02.png,train/0/meter_20260323_s3_d0.png,,,0
direct,0,train/0/meter_20260323_s3_d0__direct_r03.png,train/0/meter_20260323_s3_d0.png,,,0
direct,0,train/0/meter_20260323_s3_d0__direct_r04.png,train/0/meter_20260323_s3_d0.png,,,0
direct,0,train/0/meter_20260323_s3_d0__direct_r05.png,train/0/meter_20260323_s3_d0.png,,,0
direct,0,train/0/meter_20260507_s3_d0__direct_r00.png,train/0/meter_20260507_s3_d0.png,,,0
direct,0,train/0/meter_20260507_s3_d0__direct_r01.png,train/0/meter_20260507_s3_d0.png,,,0
direct,0,train/0/meter_20260507_s3_d0__direct_r02.png,train/0/meter_20260507_s3_d0.png,,,0
direct,0,train/0/meter_20260507_s3_d0__direct_r03.png,train/0/meter_20260507_s3_d0.png,,,0
direct,0,train/0/meter_20260507_s3_d0__direct_r04.png,train/0/meter_20260507_s3_d0.png,,,0
direct,0,train/0/meter_20260507_s3_d0__direct_r05.png,train/0/meter_20260507_s3_d0.png,,,0
direct,1,train/1/meter_20200701_s0_d1__direct_r00.png,train/1/meter_20200701_s0_d1.png,,,1
direct,1,train/1/meter_20200701_s0_d1__direct_r01.png,train/1/meter_20200701_s0_d1.png,,,1
direct,1,train/1/meter_20200701_s0_d1__direct_r02.png,train/1/meter_20200701_s0_d1.png,,,1
direct,1,train/1/meter_20200701_s0_d1__direct_r03.png,train/1/meter_20200701_s0_d1.png,,,1
direct,1,train/1/meter_20200701_s0_d1__direct_r04.png,train/1/meter_20200701_s0_d1.png,,,1
direct,1,train/1/meter_20200701_s0_d1__direct_r05.png,train/1/meter_20200701_s0_d1.png,,,1
direct,1,train/1/meter_20201111_s0_d1__direct_r00.png,train/1/meter_20201111_s0_d1.png,,,1
direct,1,train/1/meter_20201111_s0_d1__direct_r01.png,train/1/meter_20201111_s0_d1.png,,,1
direct,1,train/1/meter_20201111_s0_d1__direct_r02.png,train/1/meter_20201111_s0_d1.png,,,1
direct,1,train/1/meter_20201111_s0_d1__direct_r03.png,train/1/meter_20201111_s0_d1.png,,,1
direct,1,train/1/meter_20201111_s0_d1__direct_r04.png,train/1/meter_20201111_s0_d1.png,,,1
direct,1,train/1/meter_20201111_s0_d1__direct_r05.png,train/1/meter_20201111_s0_d1.png,,,1
direct,1,train/1/meter_20201111_s2_d1__direct_r00.png,train/1/meter_20201111_s2_d1.png,,,1
direct,1,train/1/meter_20201111_s2_d1__direct_r01.png,train/1/meter_20201111_s2_d1.png,,,1
direct,1,train/1/meter_20201111_s2_d1__direct_r02.png,train/1/meter_20201111_s2_d1.png,,,1
direct,1,train/1/meter_20201111_s2_d1__direct_r03.png,train/1/meter_20201111_s2_d1.png,,,1
direct,1,train/1/meter_20201111_s2_d1__direct_r04.png,train/1/meter_20201111_s2_d1.png,,,1
direct,1,train/1/meter_20201111_s2_d1__direct_r05.png,train/1/meter_20201111_s2_d1.png,,,1
direct,1,train/1/meter_20260210_s2_d1__direct_r00.png,train/1/meter_20260210_s2_d1.png,,,1
direct,1,train/1/meter_20260210_s2_d1__direct_r01.png,train/1/meter_20260210_s2_d1.png,,,1
direct,1,train/1/meter_20260210_s2_d1__direct_r02.png,train/1/meter_20260210_s2_d1.png,,,1
direct,1,train/1/meter_20260210_s2_d1__direct_r03.png,train/1/meter_20260210_s2_d1.png,,,1
direct,1,train/1/meter_20260210_s2_d1__direct_r04.png,train/1/meter_20260210_s2_d1.png,,,1
direct,1,train/1/meter_20260210_s2_d1__direct_r05.png,train/1/meter_20260210_s2_d1.png,,,1
direct,1,train/1/meter_20260214_s2_d1__direct_r00.png,train/1/meter_20260214_s2_d1.png,,,1
direct,1,train/1/meter_20260214_s2_d1__direct_r01.png,train/1/meter_20260214_s2_d1.png,,,1
direct,1,train/1/meter_20260214_s2_d1__direct_r02.png,train/1/meter_20260214_s2_d1.png,,,1
direct,1,train/1/meter_20260214_s2_d1__direct_r03.png,train/1/meter_20260214_s2_d1.png,,,1
direct,1,train/1/meter_20260214_s2_d1__direct_r04.png,train/1/meter_20260214_s2_d1.png,,,1
direct,1,train/1/meter_20260214_s2_d1__direct_r05.png,train/1/meter_20260214_s2_d1.png,,,1
direct,1,train/1/meter_20260214_s3_d1__direct_r00.png,train/1/meter_20260214_s3_d1.png,,,1
direct,1,train/1/meter_20260214_s3_d1__direct_r01.png,train/1/meter_20260214_s3_d1.png,,,1
direct,1,train/1/meter_20260214_s3_d1__direct_r02.png,train/1/meter_20260214_s3_d1.png,,,1
direct,1,train/1/meter_20260214_s3_d1__direct_r03.png,train/1/meter_20260214_s3_d1.png,,,1
direct,1,train/1/meter_20260214_s3_d1__direct_r04.png,train/1/meter_20260214_s3_d1.png,,,1
direct,1,train/1/meter_20260214_s3_d1__direct_r05.png,train/1/meter_20260214_s3_d1.png,,,1
direct,1,train/1/meter_20260216_s2_d1__direct_r00.png,train/1/meter_20260216_s2_d1.png,,,1
direct,1,train/1/meter_20260216_s2_d1__direct_r01.png,train/1/meter_20260216_s2_d1.png,,,1
direct,1,train/1/meter_20260216_s2_d1__direct_r02.png,train/1/meter_20260216_s2_d1.png,,,1
direct,1,train/1/meter_20260216_s2_d1__direct_r03.png,train/1/meter_20260216_s2_d1.png,,,1
direct,1,train/1/meter_20260216_s2_d1__direct_r04.png,train/1/meter_20260216_s2_d1.png,,,1
direct,1,train/1/meter_20260216_s2_d1__direct_r05.png,train/1/meter_20260216_s2_d1.png,,,1
direct,1,train/1/meter_20260220_s2_d1__direct_r00.png,train/1/meter_20260220_s2_d1.png,,,1
direct,1,train/1/meter_20260220_s2_d1__direct_r01.png,train/1/meter_20260220_s2_d1.png,,,1
direct,1,train/1/meter_20260220_s2_d1__direct_r02.png,train/1/meter_20260220_s2_d1.png,,,1
direct,1,train/1/meter_20260220_s2_d1__direct_r03.png,train/1/meter_20260220_s2_d1.png,,,1
direct,1,train/1/meter_20260220_s2_d1__direct_r04.png,train/1/meter_20260220_s2_d1.png,,,1
direct,1,train/1/meter_20260220_s2_d1__direct_r05.png,train/1/meter_20260220_s2_d1.png,,,1
direct,1,train/1/meter_20260224_s2_d1__direct_r00.png,train/1/meter_20260224_s2_d1.png,,,1
direct,1,train/1/meter_20260224_s2_d1__direct_r01.png,train/1/meter_20260224_s2_d1.png,,,1
direct,1,train/1/meter_20260224_s2_d1__direct_r02.png,train/1/meter_20260224_s2_d1.png,,,1
direct,1,train/1/meter_20260224_s2_d1__direct_r03.png,train/1/meter_20260224_s2_d1.png,,,1
direct,1,train/1/meter_20260224_s2_d1__direct_r04.png,train/1/meter_20260224_s2_d1.png,,,1
direct,1,train/1/meter_20260224_s2_d1__direct_r05.png,train/1/meter_20260224_s2_d1.png,,,1
direct,1,train/1/meter_20260227_s2_d1__direct_r00.png,train/1/meter_20260227_s2_d1.png,,,1
direct,1,train/1/meter_20260227_s2_d1__direct_r01.png,train/1/meter_20260227_s2_d1.png,,,1
direct,1,train/1/meter_20260227_s2_d1__direct_r02.png,train/1/meter_20260227_s2_d1.png,,,1
direct,1,train/1/meter_20260227_s2_d1__direct_r03.png,train/1/meter_20260227_s2_d1.png,,,1
direct,1,train/1/meter_20260227_s2_d1__direct_r04.png,train/1/meter_20260227_s2_d1.png,,,1
direct,1,train/1/meter_20260227_s2_d1__direct_r05.png,train/1/meter_20260227_s2_d1.png,,,1
direct,1,train/1/meter_20260303_s2_d1__direct_r00.png,train/1/meter_20260303_s2_d1.png,,,1
direct,1,train/1/meter_20260303_s2_d1__direct_r01.png,train/1/meter_20260303_s2_d1.png,,,1
direct,1,train/1/meter_20260303_s2_d1__direct_r02.png,train/1/meter_20260303_s2_d1.png,,,1
direct,1,train/1/meter_20260303_s2_d1__direct_r03.png,train/1/meter_20260303_s2_d1.png,,,1
direct,1,train/1/meter_20260303_s2_d1__direct_r04.png,train/1/meter_20260303_s2_d1.png,,,1
direct,1,train/1/meter_20260303_s2_d1__direct_r05.png,train/1/meter_20260303_s2_d1.png,,,1
direct,1,train/1/meter_20260307_s2_d1__direct_r00.png,train/1/meter_20260307_s2_d1.png,,,1
direct,1,train/1/meter_20260307_s2_d1__direct_r01.png,train/1/meter_20260307_s2_d1.png,,,1
direct,1,train/1/meter_20260307_s2_d1__direct_r02.png,train/1/meter_20260307_s2_d1.png,,,1
direct,1,train/1/meter_20260307_s2_d1__direct_r03.png,train/1/meter_20260307_s2_d1.png,,,1
direct,1,train/1/meter_20260307_s2_d1__direct_r04.png,train/1/meter_20260307_s2_d1.png,,,1
direct,1,train/1/meter_20260307_s2_d1__direct_r05.png,train/1/meter_20260307_s2_d1.png,,,1
direct,1,train/1/meter_20260310_s2_d1__direct_r00.png,train/1/meter_20260310_s2_d1.png,,,1
direct,1,train/1/meter_20260310_s2_d1__direct_r01.png,train/1/meter_20260310_s2_d1.png,,,1
direct,1,train/1/meter_20260310_s2_d1__direct_r02.png,train/1/meter_20260310_s2_d1.png,,,1
direct,1,train/1/meter_20260310_s2_d1__direct_r03.png,train/1/meter_20260310_s2_d1.png,,,1
direct,1,train/1/meter_20260310_s2_d1__direct_r04.png,train/1/meter_20260310_s2_d1.png,,,1
direct,1,train/1/meter_20260310_s2_d1__direct_r05.png,train/1/meter_20260310_s2_d1.png,,,1
direct,1,train/1/meter_20260512_s3_d1__direct_r00.png,train/1/meter_20260512_s3_d1.png,,,1
direct,1,train/1/meter_20260512_s3_d1__direct_r01.png,train/1/meter_20260512_s3_d1.png,,,1
direct,1,train/1/meter_20260512_s3_d1__direct_r02.png,train/1/meter_20260512_s3_d1.png,,,1
direct,1,train/1/meter_20260512_s3_d1__direct_r03.png,train/1/meter_20260512_s3_d1.png,,,1
direct,1,train/1/meter_20260512_s3_d1__direct_r04.png,train/1/meter_20260512_s3_d1.png,,,1
direct,1,train/1/meter_20260512_s3_d1__direct_r05.png,train/1/meter_20260512_s3_d1.png,,,1
direct,2,train/2/meter_20251009_s0_d2__direct_r00.png,train/2/meter_20251009_s0_d2.png,,,2
direct,2,train/2/meter_20251009_s0_d2__direct_r01.png,train/2/meter_20251009_s0_d2.png,,,2
direct,2,train/2/meter_20251009_s0_d2__direct_r02.png,train/2/meter_20251009_s0_d2.png,,,2
direct,2,train/2/meter_20251009_s0_d2__direct_r03.png,train/2/meter_20251009_s0_d2.png,,,2
direct,2,train/2/meter_20251009_s0_d2__direct_r04.png,train/2/meter_20251009_s0_d2.png,,,2
direct,2,train/2/meter_20251009_s0_d2__direct_r05.png,train/2/meter_20251009_s0_d2.png,,,2
direct,2,train/2/meter_20251009_s1_d2__direct_r00.png,train/2/meter_20251009_s1_d2.png,,,2
direct,2,train/2/meter_20251009_s1_d2__direct_r01.png,train/2/meter_20251009_s1_d2.png,,,2
direct,2,train/2/meter_20251009_s1_d2__direct_r02.png,train/2/meter_20251009_s1_d2.png,,,2
direct,2,train/2/meter_20251009_s1_d2__direct_r03.png,train/2/meter_20251009_s1_d2.png,,,2
direct,2,train/2/meter_20251009_s1_d2__direct_r04.png,train/2/meter_20251009_s1_d2.png,,,2
direct,2,train/2/meter_20251009_s1_d2__direct_r05.png,train/2/meter_20251009_s1_d2.png,,,2
direct,2,train/2/meter_20260130_s0_d2__direct_r00.png,train/2/meter_20260130_s0_d2.png,,,2
direct,2,train/2/meter_20260130_s0_d2__direct_r01.png,train/2/meter_20260130_s0_d2.png,,,2
direct,2,train/2/meter_20260130_s0_d2__direct_r02.png,train/2/meter_20260130_s0_d2.png,,,2
direct,2,train/2/meter_20260130_s0_d2__direct_r03.png,train/2/meter_20260130_s0_d2.png,,,2
direct,2,train/2/meter_20260130_s0_d2__direct_r04.png,train/2/meter_20260130_s0_d2.png,,,2
direct,2,train/2/meter_20260130_s0_d2__direct_r05.png,train/2/meter_20260130_s0_d2.png,,,2
direct,2,train/2/meter_20260202_s0_d2__direct_r00.png,train/2/meter_20260202_s0_d2.png,,,2
direct,2,train/2/meter_20260202_s0_d2__direct_r01.png,train/2/meter_20260202_s0_d2.png,,,2
direct,2,train/2/meter_20260202_s0_d2__direct_r02.png,train/2/meter_20260202_s0_d2.png,,,2
direct,2,train/2/meter_20260202_s0_d2__direct_r03.png,train/2/meter_20260202_s0_d2.png,,,2
direct,2,train/2/meter_20260202_s0_d2__direct_r04.png,train/2/meter_20260202_s0_d2.png,,,2
direct,2,train/2/meter_20260202_s0_d2__direct_r05.png,train/2/meter_20260202_s0_d2.png,,,2
direct,2,train/2/meter_20260210_s0_d2__direct_r00.png,train/2/meter_20260210_s0_d2.png,,,2
direct,2,train/2/meter_20260210_s0_d2__direct_r01.png,train/2/meter_20260210_s0_d2.png,,,2
direct,2,train/2/meter_20260210_s0_d2__direct_r02.png,train/2/meter_20260210_s0_d2.png,,,2
direct,2,train/2/meter_20260210_s0_d2__direct_r03.png,train/2/meter_20260210_s0_d2.png,,,2
direct,2,train/2/meter_20260210_s0_d2__direct_r04.png,train/2/meter_20260210_s0_d2.png,,,2
direct,2,train/2/meter_20260210_s0_d2__direct_r05.png,train/2/meter_20260210_s0_d2.png,,,2
direct,2,train/2/meter_20260214_s0_d2__direct_r00.png,train/2/meter_20260214_s0_d2.png,,,2
direct,2,train/2/meter_20260214_s0_d2__direct_r01.png,train/2/meter_20260214_s0_d2.png,,,2
direct,2,train/2/meter_20260214_s0_d2__direct_r02.png,train/2/meter_20260214_s0_d2.png,,,2
direct,2,train/2/meter_20260214_s0_d2__direct_r03.png,train/2/meter_20260214_s0_d2.png,,,2
direct,2,train/2/meter_20260214_s0_d2__direct_r04.png,train/2/meter_20260214_s0_d2.png,,,2
direct,2,train/2/meter_20260214_s0_d2__direct_r05.png,train/2/meter_20260214_s0_d2.png,,,2
direct,2,train/2/meter_20260216_s0_d2__direct_r00.png,train/2/meter_20260216_s0_d2.png,,,2
direct,2,train/2/meter_20260216_s0_d2__direct_r01.png,train/2/meter_20260216_s0_d2.png,,,2
direct,2,train/2/meter_20260216_s0_d2__direct_r02.png,train/2/meter_20260216_s0_d2.png,,,2
direct,2,train/2/meter_20260216_s0_d2__direct_r03.png,train/2/meter_20260216_s0_d2.png,,,2
direct,2,train/2/meter_20260216_s0_d2__direct_r04.png,train/2/meter_20260216_s0_d2.png,,,2
direct,2,train/2/meter_20260216_s0_d2__direct_r05.png,train/2/meter_20260216_s0_d2.png,,,2
direct,2,train/2/meter_20260216_s3_d2__direct_r00.png,train/2/meter_20260216_s3_d2.png,,,2
direct,2,train/2/meter_20260216_s3_d2__direct_r01.png,train/2/meter_20260216_s3_d2.png,,,2
direct,2,train/2/meter_20260216_s3_d2__direct_r02.png,train/2/meter_20260216_s3_d2.png,,,2
direct,2,train/2/meter_20260216_s3_d2__direct_r03.png,train/2/meter_20260216_s3_d2.png,,,2
direct,2,train/2/meter_20260216_s3_d2__direct_r04.png,train/2/meter_20260216_s3_d2.png,,,2
direct,2,train/2/meter_20260216_s3_d2__direct_r05.png,train/2/meter_20260216_s3_d2.png,,,2
direct,2,train/2/meter_20260220_s0_d2__direct_r00.png,train/2/meter_20260220_s0_d2.png,,,2
direct,2,train/2/meter_20260220_s0_d2__direct_r01.png,train/2/meter_20260220_s0_d2.png,,,2
direct,2,train/2/meter_20260220_s0_d2__direct_r02.png,train/2/meter_20260220_s0_d2.png,,,2
direct,2,train/2/meter_20260220_s0_d2__direct_r03.png,train/2/meter_20260220_s0_d2.png,,,2
direct,2,train/2/meter_20260220_s0_d2__direct_r04.png,train/2/meter_20260220_s0_d2.png,,,2
direct,2,train/2/meter_20260220_s0_d2__direct_r05.png,train/2/meter_20260220_s0_d2.png,,,2
direct,2,train/2/meter_20260224_s0_d2__direct_r00.png,train/2/meter_20260224_s0_d2.png,,,2
direct,2,train/2/meter_20260224_s0_d2__direct_r01.png,train/2/meter_20260224_s0_d2.png,,,2
direct,2,train/2/meter_20260224_s0_d2__direct_r02.png,train/2/meter_20260224_s0_d2.png,,,2
direct,2,train/2/meter_20260224_s0_d2__direct_r03.png,train/2/meter_20260224_s0_d2.png,,,2
direct,2,train/2/meter_20260224_s0_d2__direct_r04.png,train/2/meter_20260224_s0_d2.png,,,2
direct,2,train/2/meter_20260224_s0_d2__direct_r05.png,train/2/meter_20260224_s0_d2.png,,,2
direct,2,train/2/meter_20260227_s0_d2__direct_r00.png,train/2/meter_20260227_s0_d2.png,,,2
direct,2,train/2/meter_20260227_s0_d2__direct_r01.png,train/2/meter_20260227_s0_d2.png,,,2
direct,2,train/2/meter_20260227_s0_d2__direct_r02.png,train/2/meter_20260227_s0_d2.png,,,2
direct,2,train/2/meter_20260227_s0_d2__direct_r03.png,train/2/meter_20260227_s0_d2.png,,,2
direct,2,train/2/meter_20260227_s0_d2__direct_r04.png,train/2/meter_20260227_s0_d2.png,,,2
direct,2,train/2/meter_20260227_s0_d2__direct_r05.png,train/2/meter_20260227_s0_d2.png,,,2
direct,2,train/2/meter_20260303_s0_d2__direct_r00.png,train/2/meter_20260303_s0_d2.png,,,2
direct,2,train/2/meter_20260303_s0_d2__direct_r01.png,train/2/meter_20260303_s0_d2.png,,,2
direct,2,train/2/meter_20260303_s0_d2__direct_r02.png,train/2/meter_20260303_s0_d2.png,,,2
direct,2,train/2/meter_20260303_s0_d2__direct_r03.png,train/2/meter_20260303_s0_d2.png,,,2
direct,2,train/2/meter_20260303_s0_d2__direct_r04.png,train/2/meter_20260303_s0_d2.png,,,2
direct,2,train/2/meter_20260303_s0_d2__direct_r05.png,train/2/meter_20260303_s0_d2.png,,,2
direct,2,train/2/meter_20260307_s0_d2__direct_r00.png,train/2/meter_20260307_s0_d2.png,,,2
direct,2,train/2/meter_20260307_s0_d2__direct_r01.png,train/2/meter_20260307_s0_d2.png,,,2
direct,2,train/2/meter_20260307_s0_d2__direct_r02.png,train/2/meter_20260307_s0_d2.png,,,2
direct,2,train/2/meter_20260307_s0_d2__direct_r03.png,train/2/meter_20260307_s0_d2.png,,,2
direct,2,train/2/meter_20260307_s0_d2__direct_r04.png,train/2/meter_20260307_s0_d2.png,,,2
direct,2,train/2/meter_20260307_s0_d2__direct_r05.png,train/2/meter_20260307_s0_d2.png,,,2
direct,2,train/2/meter_20260310_s0_d2__direct_r00.png,train/2/meter_20260310_s0_d2.png,,,2
direct,2,train/2/meter_20260310_s0_d2__direct_r01.png,train/2/meter_20260310_s0_d2.png,,,2
direct,2,train/2/meter_20260310_s0_d2__direct_r02.png,train/2/meter_20260310_s0_d2.png,,,2
direct,2,train/2/meter_20260310_s0_d2__direct_r03.png,train/2/meter_20260310_s0_d2.png,,,2
direct,2,train/2/meter_20260310_s0_d2__direct_r04.png,train/2/meter_20260310_s0_d2.png,,,2
direct,2,train/2/meter_20260310_s0_d2__direct_r05.png,train/2/meter_20260310_s0_d2.png,,,2
direct,2,train/2/meter_20260323_s0_d2__direct_r00.png,train/2/meter_20260323_s0_d2.png,,,2
direct,2,train/2/meter_20260323_s0_d2__direct_r01.png,train/2/meter_20260323_s0_d2.png,,,2
direct,2,train/2/meter_20260323_s0_d2__direct_r02.png,train/2/meter_20260323_s0_d2.png,,,2
direct,2,train/2/meter_20260323_s0_d2__direct_r03.png,train/2/meter_20260323_s0_d2.png,,,2
direct,2,train/2/meter_20260323_s0_d2__direct_r04.png,train/2/meter_20260323_s0_d2.png,,,2
direct,2,train/2/meter_20260323_s0_d2__direct_r05.png,train/2/meter_20260323_s0_d2.png,,,2
direct,2,train/2/meter_20260323_s2_d2__direct_r00.png,train/2/meter_20260323_s2_d2.png,,,2
direct,2,train/2/meter_20260323_s2_d2__direct_r01.png,train/2/meter_20260323_s2_d2.png,,,2
direct,2,train/2/meter_20260323_s2_d2__direct_r02.png,train/2/meter_20260323_s2_d2.png,,,2
direct,2,train/2/meter_20260323_s2_d2__direct_r03.png,train/2/meter_20260323_s2_d2.png,,,2
direct,2,train/2/meter_20260323_s2_d2__direct_r04.png,train/2/meter_20260323_s2_d2.png,,,2
direct,2,train/2/meter_20260323_s2_d2__direct_r05.png,train/2/meter_20260323_s2_d2.png,,,2
direct,2,train/2/meter_20260401_s0_d2__direct_r00.png,train/2/meter_20260401_s0_d2.png,,,2
direct,2,train/2/meter_20260401_s0_d2__direct_r01.png,train/2/meter_20260401_s0_d2.png,,,2
direct,2,train/2/meter_20260401_s0_d2__direct_r02.png,train/2/meter_20260401_s0_d2.png,,,2
direct,2,train/2/meter_20260401_s0_d2__direct_r03.png,train/2/meter_20260401_s0_d2.png,,,2
direct,2,train/2/meter_20260401_s0_d2__direct_r04.png,train/2/meter_20260401_s0_d2.png,,,2
direct,2,train/2/meter_20260401_s0_d2__direct_r05.png,train/2/meter_20260401_s0_d2.png,,,2
direct,2,train/2/meter_20260401_s2_d2__direct_r00.png,train/2/meter_20260401_s2_d2.png,,,2
direct,2,train/2/meter_20260401_s2_d2__direct_r01.png,train/2/meter_20260401_s2_d2.png,,,2
direct,2,train/2/meter_20260401_s2_d2__direct_r02.png,train/2/meter_20260401_s2_d2.png,,,2
direct,2,train/2/meter_20260401_s2_d2__direct_r03.png,train/2/meter_20260401_s2_d2.png,,,2
direct,2,train/2/meter_20260401_s2_d2__direct_r04.png,train/2/meter_20260401_s2_d2.png,,,2
direct,2,train/2/meter_20260401_s2_d2__direct_r05.png,train/2/meter_20260401_s2_d2.png,,,2
direct,2,train/2/meter_20260401_s3_d2__direct_r00.png,train/2/meter_20260401_s3_d2.png,,,2
direct,2,train/2/meter_20260401_s3_d2__direct_r01.png,train/2/meter_20260401_s3_d2.png,,,2
direct,2,train/2/meter_20260401_s3_d2__direct_r02.png,train/2/meter_20260401_s3_d2.png,,,2
direct,2,train/2/meter_20260401_s3_d2__direct_r03.png,train/2/meter_20260401_s3_d2.png,,,2
direct,2,train/2/meter_20260401_s3_d2__direct_r04.png,train/2/meter_20260401_s3_d2.png,,,2
direct,2,train/2/meter_20260401_s3_d2__direct_r05.png,train/2/meter_20260401_s3_d2.png,,,2
direct,2,train/2/meter_20260409_s0_d2__direct_r00.png,train/2/meter_20260409_s0_d2.png,,,2
direct,2,train/2/meter_20260409_s0_d2__direct_r01.png,train/2/meter_20260409_s0_d2.png,,,2
direct,2,train/2/meter_20260409_s0_d2__direct_r02.png,train/2/meter_20260409_s0_d2.png,,,2
direct,2,train/2/meter_20260409_s0_d2__direct_r03.png,train/2/meter_20260409_s0_d2.png,,,2
direct,2,train/2/meter_20260409_s0_d2__direct_r04.png,train/2/meter_20260409_s0_d2.png,,,2
direct,2,train/2/meter_20260409_s0_d2__direct_r05.png,train/2/meter_20260409_s0_d2.png,,,2
direct,2,train/2/meter_20260409_s2_d2__direct_r00.png,train/2/meter_20260409_s2_d2.png,,,2
direct,2,train/2/meter_20260409_s2_d2__direct_r01.png,train/2/meter_20260409_s2_d2.png,,,2
direct,2,train/2/meter_20260409_s2_d2__direct_r02.png,train/2/meter_20260409_s2_d2.png,,,2
direct,2,train/2/meter_20260409_s2_d2__direct_r03.png,train/2/meter_20260409_s2_d2.png,,,2
direct,2,train/2/meter_20260409_s2_d2__direct_r04.png,train/2/meter_20260409_s2_d2.png,,,2
direct,2,train/2/meter_20260409_s2_d2__direct_r05.png,train/2/meter_20260409_s2_d2.png,,,2
direct,2,train/2/meter_20260413_s0_d2__direct_r00.png,train/2/meter_20260413_s0_d2.png,,,2
direct,2,train/2/meter_20260413_s0_d2__direct_r01.png,train/2/meter_20260413_s0_d2.png,,,2
direct,2,train/2/meter_20260413_s0_d2__direct_r02.png,train/2/meter_20260413_s0_d2.png,,,2
direct,2,train/2/meter_20260413_s0_d2__direct_r03.png,train/2/meter_20260413_s0_d2.png,,,2
direct,2,train/2/meter_20260413_s0_d2__direct_r04.png,train/2/meter_20260413_s0_d2.png,,,2
direct,2,train/2/meter_20260413_s0_d2__direct_r05.png,train/2/meter_20260413_s0_d2.png,,,2
direct,2,train/2/meter_20260413_s2_d2__direct_r00.png,train/2/meter_20260413_s2_d2.png,,,2
direct,2,train/2/meter_20260413_s2_d2__direct_r01.png,train/2/meter_20260413_s2_d2.png,,,2
direct,2,train/2/meter_20260413_s2_d2__direct_r02.png,train/2/meter_20260413_s2_d2.png,,,2
direct,2,train/2/meter_20260413_s2_d2__direct_r03.png,train/2/meter_20260413_s2_d2.png,,,2
direct,2,train/2/meter_20260413_s2_d2__direct_r04.png,train/2/meter_20260413_s2_d2.png,,,2
direct,2,train/2/meter_20260413_s2_d2__direct_r05.png,train/2/meter_20260413_s2_d2.png,,,2
direct,2,train/2/meter_20260416_s0_d2__direct_r00.png,train/2/meter_20260416_s0_d2.png,,,2
direct,2,train/2/meter_20260416_s0_d2__direct_r01.png,train/2/meter_20260416_s0_d2.png,,,2
direct,2,train/2/meter_20260416_s0_d2__direct_r02.png,train/2/meter_20260416_s0_d2.png,,,2
direct,2,train/2/meter_20260416_s0_d2__direct_r03.png,train/2/meter_20260416_s0_d2.png,,,2
direct,2,train/2/meter_20260416_s0_d2__direct_r04.png,train/2/meter_20260416_s0_d2.png,,,2
direct,2,train/2/meter_20260416_s0_d2__direct_r05.png,train/2/meter_20260416_s0_d2.png,,,2
direct,2,train/2/meter_20260416_s2_d2__direct_r00.png,train/2/meter_20260416_s2_d2.png,,,2
direct,2,train/2/meter_20260416_s2_d2__direct_r01.png,train/2/meter_20260416_s2_d2.png,,,2
direct,2,train/2/meter_20260416_s2_d2__direct_r02.png,train/2/meter_20260416_s2_d2.png,,,2
direct,2,train/2/meter_20260416_s2_d2__direct_r03.png,train/2/meter_20260416_s2_d2.png,,,2
direct,2,train/2/meter_20260416_s2_d2__direct_r04.png,train/2/meter_20260416_s2_d2.png,,,2
direct,2,train/2/meter_20260416_s2_d2__direct_r05.png,train/2/meter_20260416_s2_d2.png,,,2
direct,2,train/2/meter_20260420_s0_d2__direct_r00.png,train/2/meter_20260420_s0_d2.png,,,2
direct,2,train/2/meter_20260420_s0_d2__direct_r01.png,train/2/meter_20260420_s0_d2.png,,,2
direct,2,train/2/meter_20260420_s0_d2__direct_r02.png,train/2/meter_20260420_s0_d2.png,,,2
direct,2,train/2/meter_20260420_s0_d2__direct_r03.png,train/2/meter_20260420_s0_d2.png,,,2
direct,2,train/2/meter_20260420_s0_d2__direct_r04.png,train/2/meter_20260420_s0_d2.png,,,2
direct,2,train/2/meter_20260420_s0_d2__direct_r05.png,train/2/meter_20260420_s0_d2.png,,,2
direct,2,train/2/meter_20260420_s2_d2__direct_r00.png,train/2/meter_20260420_s2_d2.png,,,2
direct,2,train/2/meter_20260420_s2_d2__direct_r01.png,train/2/meter_20260420_s2_d2.png,,,2
direct,2,train/2/meter_20260420_s2_d2__direct_r02.png,train/2/meter_20260420_s2_d2.png,,,2
direct,2,train/2/meter_20260420_s2_d2__direct_r03.png,train/2/meter_20260420_s2_d2.png,,,2
direct,2,train/2/meter_20260420_s2_d2__direct_r04.png,train/2/meter_20260420_s2_d2.png,,,2
direct,2,train/2/meter_20260420_s2_d2__direct_r05.png,train/2/meter_20260420_s2_d2.png,,,2
direct,2,train/2/meter_20260423_s0_d2__direct_r00.png,train/2/meter_20260423_s0_d2.png,,,2
direct,2,train/2/meter_20260423_s0_d2__direct_r01.png,train/2/meter_20260423_s0_d2.png,,,2
direct,2,train/2/meter_20260423_s0_d2__direct_r02.png,train/2/meter_20260423_s0_d2.png,,,2
direct,2,train/2/meter_20260423_s0_d2__direct_r03.png,train/2/meter_20260423_s0_d2.png,,,2
direct,2,train/2/meter_20260423_s0_d2__direct_r04.png,train/2/meter_20260423_s0_d2.png,,,2
direct,2,train/2/meter_20260423_s0_d2__direct_r05.png,train/2/meter_20260423_s0_d2.png,,,2
direct,2,train/2/meter_20260423_s2_d2__direct_r00.png,train/2/meter_20260423_s2_d2.png,,,2
direct,2,train/2/meter_20260423_s2_d2__direct_r01.png,train/2/meter_20260423_s2_d2.png,,,2
direct,2,train/2/meter_20260423_s2_d2__direct_r02.png,train/2/meter_20260423_s2_d2.png,,,2
direct,2,train/2/meter_20260423_s2_d2__direct_r03.png,train/2/meter_20260423_s2_d2.png,,,2
direct,2,train/2/meter_20260423_s2_d2__direct_r04.png,train/2/meter_20260423_s2_d2.png,,,2
direct,2,train/2/meter_20260423_s2_d2__direct_r05.png,train/2/meter_20260423_s2_d2.png,,,2
direct,2,train/2/meter_20260427_s0_d2__direct_r00.png,train/2/meter_20260427_s0_d2.png,,,2
direct,2,train/2/meter_20260427_s0_d2__direct_r01.png,train/2/meter_20260427_s0_d2.png,,,2
direct,2,train/2/meter_20260427_s0_d2__direct_r02.png,train/2/meter_20260427_s0_d2.png,,,2
direct,2,train/2/meter_20260427_s0_d2__direct_r03.png,train/2/meter_20260427_s0_d2.png,,,2
direct,2,train/2/meter_20260427_s0_d2__direct_r04.png,train/2/meter_20260427_s0_d2.png,,,2
direct,2,train/2/meter_20260427_s0_d2__direct_r05.png,train/2/meter_20260427_s0_d2.png,,,2
direct,2,train/2/meter_20260427_s2_d2__direct_r00.png,train/2/meter_20260427_s2_d2.png,,,2
direct,2,train/2/meter_20260427_s2_d2__direct_r01.png,train/2/meter_20260427_s2_d2.png,,,2
direct,2,train/2/meter_20260427_s2_d2__direct_r02.png,train/2/meter_20260427_s2_d2.png,,,2
direct,2,train/2/meter_20260427_s2_d2__direct_r03.png,train/2/meter_20260427_s2_d2.png,,,2
direct,2,train/2/meter_20260427_s2_d2__direct_r04.png,train/2/meter_20260427_s2_d2.png,,,2
direct,2,train/2/meter_20260427_s2_d2__direct_r05.png,train/2/meter_20260427_s2_d2.png,,,2
direct,2,train/2/meter_20260507_s0_d2__direct_r00.png,train/2/meter_20260507_s0_d2.png,,,2
direct,2,train/2/meter_20260507_s0_d2__direct_r01.png,train/2/meter_20260507_s0_d2.png,,,2
direct,2,train/2/meter_20260507_s0_d2__direct_r02.png,train/2/meter_20260507_s0_d2.png,,,2
direct,2,train/2/meter_20260507_s0_d2__direct_r03.png,train/2/meter_20260507_s0_d2.png,,,2
direct,2,train/2/meter_20260507_s0_d2__direct_r04.png,train/2/meter_20260507_s0_d2.png,,,2
direct,2,train/2/meter_20260507_s0_d2__direct_r05.png,train/2/meter_20260507_s0_d2.png,,,2
direct,2,train/2/meter_20260512_s0_d2__direct_r00.png,train/2/meter_20260512_s0_d2.png,,,2
direct,2,train/2/meter_20260512_s0_d2__direct_r01.png,train/2/meter_20260512_s0_d2.png,,,2
direct,2,train/2/meter_20260512_s0_d2__direct_r02.png,train/2/meter_20260512_s0_d2.png,,,2
direct,2,train/2/meter_20260512_s0_d2__direct_r03.png,train/2/meter_20260512_s0_d2.png,,,2
direct,2,train/2/meter_20260512_s0_d2__direct_r04.png,train/2/meter_20260512_s0_d2.png,,,2
direct,2,train/2/meter_20260512_s0_d2__direct_r05.png,train/2/meter_20260512_s0_d2.png,,,2
direct,2,train/2/meter_20260515_s0_d2__direct_r00.png,train/2/meter_20260515_s0_d2.png,,,2
direct,2,train/2/meter_20260515_s0_d2__direct_r01.png,train/2/meter_20260515_s0_d2.png,,,2
direct,2,train/2/meter_20260515_s0_d2__direct_r02.png,train/2/meter_20260515_s0_d2.png,,,2
direct,2,train/2/meter_20260515_s0_d2__direct_r03.png,train/2/meter_20260515_s0_d2.png,,,2
direct,2,train/2/meter_20260515_s0_d2__direct_r04.png,train/2/meter_20260515_s0_d2.png,,,2
direct,2,train/2/meter_20260515_s0_d2__direct_r05.png,train/2/meter_20260515_s0_d2.png,,,2
direct,2,train/2/meter_20260515_s3_d2__direct_r00.png,train/2/meter_20260515_s3_d2.png,,,2
direct,2,train/2/meter_20260515_s3_d2__direct_r01.png,train/2/meter_20260515_s3_d2.png,,,2
direct,2,train/2/meter_20260515_s3_d2__direct_r02.png,train/2/meter_20260515_s3_d2.png,,,2
direct,2,train/2/meter_20260515_s3_d2__direct_r03.png,train/2/meter_20260515_s3_d2.png,,,2
direct,2,train/2/meter_20260515_s3_d2__direct_r04.png,train/2/meter_20260515_s3_d2.png,,,2
direct,2,train/2/meter_20260515_s3_d2__direct_r05.png,train/2/meter_20260515_s3_d2.png,,,2
direct,2,train/2/meter_20260518_s0_d2__direct_r00.png,train/2/meter_20260518_s0_d2.png,,,2
direct,2,train/2/meter_20260518_s0_d2__direct_r01.png,train/2/meter_20260518_s0_d2.png,,,2
direct,2,train/2/meter_20260518_s0_d2__direct_r02.png,train/2/meter_20260518_s0_d2.png,,,2
direct,2,train/2/meter_20260518_s0_d2__direct_r03.png,train/2/meter_20260518_s0_d2.png,,,2
direct,2,train/2/meter_20260518_s0_d2__direct_r04.png,train/2/meter_20260518_s0_d2.png,,,2
direct,2,train/2/meter_20260518_s0_d2__direct_r05.png,train/2/meter_20260518_s0_d2.png,,,2
direct,2,train/2/meter_20260521_s0_d2__direct_r00.png,train/2/meter_20260521_s0_d2.png,,,2
direct,2,train/2/meter_20260521_s0_d2__direct_r01.png,train/2/meter_20260521_s0_d2.png,,,2
direct,2,train/2/meter_20260521_s0_d2__direct_r02.png,train/2/meter_20260521_s0_d2.png,,,2
direct,2,train/2/meter_20260521_s0_d2__direct_r03.png,train/2/meter_20260521_s0_d2.png,,,2
direct,2,train/2/meter_20260521_s0_d2__direct_r04.png,train/2/meter_20260521_s0_d2.png,,,2
direct,2,train/2/meter_20260521_s0_d2__direct_r05.png,train/2/meter_20260521_s0_d2.png,,,2
direct,2,train/2/meter_20260524_s0_d2__direct_r00.png,train/2/meter_20260524_s0_d2.png,,,2
direct,2,train/2/meter_20260524_s0_d2__direct_r01.png,train/2/meter_20260524_s0_d2.png,,,2
direct,2,train/2/meter_20260524_s0_d2__direct_r02.png,train/2/meter_20260524_s0_d2.png,,,2
direct,2,train/2/meter_20260524_s0_d2__direct_r03.png,train/2/meter_20260524_s0_d2.png,,,2
direct,2,train/2/meter_20260524_s0_d2__direct_r04.png,train/2/meter_20260524_s0_d2.png,,,2
direct,2,train/2/meter_20260524_s0_d2__direct_r05.png,train/2/meter_20260524_s0_d2.png,,,2
direct,3,train/3/meter_20260130_s1_d3__direct_r00.png,train/3/meter_20260130_s1_d3.png,,,3
direct,3,train/3/meter_20260130_s1_d3__direct_r01.png,train/3/meter_20260130_s1_d3.png,,,3
direct,3,train/3/meter_20260130_s1_d3__direct_r02.png,train/3/meter_20260130_s1_d3.png,,,3
direct,3,train/3/meter_20260130_s1_d3__direct_r03.png,train/3/meter_20260130_s1_d3.png,,,3
direct,3,train/3/meter_20260130_s1_d3__direct_r04.png,train/3/meter_20260130_s1_d3.png,,,3
direct,3,train/3/meter_20260130_s1_d3__direct_r05.png,train/3/meter_20260130_s1_d3.png,,,3
direct,3,train/3/meter_20260202_s1_d3__direct_r00.png,train/3/meter_20260202_s1_d3.png,,,3
direct,3,train/3/meter_20260202_s1_d3__direct_r01.png,train/3/meter_20260202_s1_d3.png,,,3
direct,3,train/3/meter_20260202_s1_d3__direct_r02.png,train/3/meter_20260202_s1_d3.png,,,3
direct,3,train/3/meter_20260202_s1_d3__direct_r03.png,train/3/meter_20260202_s1_d3.png,,,3
direct,3,train/3/meter_20260202_s1_d3__direct_r04.png,train/3/meter_20260202_s1_d3.png,,,3
direct,3,train/3/meter_20260202_s1_d3__direct_r05.png,train/3/meter_20260202_s1_d3.png,,,3
direct,3,train/3/meter_20260210_s1_d3__direct_r00.png,train/3/meter_20260210_s1_d3.png,,,3
direct,3,train/3/meter_20260210_s1_d3__direct_r01.png,train/3/meter_20260210_s1_d3.png,,,3
direct,3,train/3/meter_20260210_s1_d3__direct_r02.png,train/3/meter_20260210_s1_d3.png,,,3
direct,3,train/3/meter_20260210_s1_d3__direct_r03.png,train/3/meter_20260210_s1_d3.png,,,3
direct,3,train/3/meter_20260210_s1_d3__direct_r04.png,train/3/meter_20260210_s1_d3.png,,,3
direct,3,train/3/meter_20260210_s1_d3__direct_r05.png,train/3/meter_20260210_s1_d3.png,,,3
direct,3,train/3/meter_20260214_s1_d3__direct_r00.png,train/3/meter_20260214_s1_d3.png,,,3
direct,3,train/3/meter_20260214_s1_d3__direct_r01.png,train/3/meter_20260214_s1_d3.png,,,3
direct,3,train/3/meter_20260214_s1_d3__direct_r02.png,train/3/meter_20260214_s1_d3.png,,,3
direct,3,train/3/meter_20260214_s1_d3__direct_r03.png,train/3/meter_20260214_s1_d3.png,,,3
direct,3,train/3/meter_20260214_s1_d3__direct_r04.png,train/3/meter_20260214_s1_d3.png,,,3
direct,3,train/3/meter_20260214_s1_d3__direct_r05.png,train/3/meter_20260214_s1_d3.png,,,3
direct,3,train/3/meter_20260216_s1_d3__direct_r00.png,train/3/meter_20260216_s1_d3.png,,,3
direct,3,train/3/meter_20260216_s1_d3__direct_r01.png,train/3/meter_20260216_s1_d3.png,,,3
direct,3,train/3/meter_20260216_s1_d3__direct_r02.png,train/3/meter_20260216_s1_d3.png,,,3
direct,3,train/3/meter_20260216_s1_d3__direct_r03.png,train/3/meter_20260216_s1_d3.png,,,3
direct,3,train/3/meter_20260216_s1_d3__direct_r04.png,train/3/meter_20260216_s1_d3.png,,,3
direct,3,train/3/meter_20260216_s1_d3__direct_r05.png,train/3/meter_20260216_s1_d3.png,,,3
direct,3,train/3/meter_20260220_s1_d3__direct_r00.png,train/3/meter_20260220_s1_d3.png,,,3
direct,3,train/3/meter_20260220_s1_d3__direct_r01.png,train/3/meter_20260220_s1_d3.png,,,3
direct,3,train/3/meter_20260220_s1_d3__direct_r02.png,train/3/meter_20260220_s1_d3.png,,,3
direct,3,train/3/meter_20260220_s1_d3__direct_r03.png,train/3/meter_20260220_s1_d3.png,,,3
direct,3,train/3/meter_20260220_s1_d3__direct_r04.png,train/3/meter_20260220_s1_d3.png,,,3
direct,3,train/3/meter_20260220_s1_d3__direct_r05.png,train/3/meter_20260220_s1_d3.png,,,3
direct,3,train/3/meter_20260220_s3_d3__direct_r00.png,train/3/meter_20260220_s3_d3.png,,,3
direct,3,train/3/meter_20260220_s3_d3__direct_r01.png,train/3/meter_20260220_s3_d3.png,,,3
direct,3,train/3/meter_20260220_s3_d3__direct_r02.png,train/3/meter_20260220_s3_d3.png,,,3
direct,3,train/3/meter_20260220_s3_d3__direct_r03.png,train/3/meter_20260220_s3_d3.png,,,3
direct,3,train/3/meter_20260220_s3_d3__direct_r04.png,train/3/meter_20260220_s3_d3.png,,,3
direct,3,train/3/meter_20260220_s3_d3__direct_r05.png,train/3/meter_20260220_s3_d3.png,,,3
direct,3,train/3/meter_20260224_s1_d3__direct_r00.png,train/3/meter_20260224_s1_d3.png,,,3
direct,3,train/3/meter_20260224_s1_d3__direct_r01.png,train/3/meter_20260224_s1_d3.png,,,3
direct,3,train/3/meter_20260224_s1_d3__direct_r02.png,train/3/meter_20260224_s1_d3.png,,,3
direct,3,train/3/meter_20260224_s1_d3__direct_r03.png,train/3/meter_20260224_s1_d3.png,,,3
direct,3,train/3/meter_20260224_s1_d3__direct_r04.png,train/3/meter_20260224_s1_d3.png,,,3
direct,3,train/3/meter_20260224_s1_d3__direct_r05.png,train/3/meter_20260224_s1_d3.png,,,3
direct,3,train/3/meter_20260227_s1_d3__direct_r00.png,train/3/meter_20260227_s1_d3.png,,,3
direct,3,train/3/meter_20260227_s1_d3__direct_r01.png,train/3/meter_20260227_s1_d3.png,,,3
direct,3,train/3/meter_20260227_s1_d3__direct_r02.png,train/3/meter_20260227_s1_d3.png,,,3
direct,3,train/3/meter_20260227_s1_d3__direct_r03.png,train/3/meter_20260227_s1_d3.png,,,3
direct,3,train/3/meter_20260227_s1_d3__direct_r04.png,train/3/meter_20260227_s1_d3.png,,,3
direct,3,train/3/meter_20260227_s1_d3__direct_r05.png,train/3/meter_20260227_s1_d3.png,,,3
direct,3,train/3/meter_20260303_s1_d3__direct_r00.png,train/3/meter_20260303_s1_d3.png,,,3
direct,3,train/3/meter_20260303_s1_d3__direct_r01.png,train/3/meter_20260303_s1_d3.png,,,3
direct,3,train/3/meter_20260303_s1_d3__direct_r02.png,train/3/meter_20260303_s1_d3.png,,,3
direct,3,train/3/meter_20260303_s1_d3__direct_r03.png,train/3/meter_20260303_s1_d3.png,,,3
direct,3,train/3/meter_20260303_s1_d3__direct_r04.png,train/3/meter_20260303_s1_d3.png,,,3
direct,3,train/3/meter_20260303_s1_d3__direct_r05.png,train/3/meter_20260303_s1_d3.png,,,3
direct,3,train/3/meter_20260307_s1_d3__direct_r00.png,train/3/meter_20260307_s1_d3.png,,,3
direct,3,train/3/meter_20260307_s1_d3__direct_r01.png,train/3/meter_20260307_s1_d3.png,,,3
direct,3,train/3/meter_20260307_s1_d3__direct_r02.png,train/3/meter_20260307_s1_d3.png,,,3
direct,3,train/3/meter_20260307_s1_d3__direct_r03.png,train/3/meter_20260307_s1_d3.png,,,3
direct,3,train/3/meter_20260307_s1_d3__direct_r04.png,train/3/meter_20260307_s1_d3.png,,,3
direct,3,train/3/meter_20260307_s1_d3__direct_r05.png,train/3/meter_20260307_s1_d3.png,,,3
direct,3,train/3/meter_20260310_s1_d3__direct_r00.png,train/3/meter_20260310_s1_d3.png,,,3
direct,3,train/3/meter_20260310_s1_d3__direct_r01.png,train/3/meter_20260310_s1_d3.png,,,3
direct,3,train/3/meter_20260310_s1_d3__direct_r02.png,train/3/meter_20260310_s1_d3.png,,,3
direct,3,train/3/meter_20260310_s1_d3__direct_r03.png,train/3/meter_20260310_s1_d3.png,,,3
direct,3,train/3/meter_20260310_s1_d3__direct_r04.png,train/3/meter_20260310_s1_d3.png,,,3
direct,3,train/3/meter_20260310_s1_d3__direct_r05.png,train/3/meter_20260310_s1_d3.png,,,3
direct,3,train/3/meter_20260323_s1_d3__direct_r00.png,train/3/meter_20260323_s1_d3.png,,,3
direct,3,train/3/meter_20260323_s1_d3__direct_r01.png,train/3/meter_20260323_s1_d3.png,,,3
direct,3,train/3/meter_20260323_s1_d3__direct_r02.png,train/3/meter_20260323_s1_d3.png,,,3
direct,3,train/3/meter_20260323_s1_d3__direct_r03.png,train/3/meter_20260323_s1_d3.png,,,3
direct,3,train/3/meter_20260323_s1_d3__direct_r04.png,train/3/meter_20260323_s1_d3.png,,,3
direct,3,train/3/meter_20260323_s1_d3__direct_r05.png,train/3/meter_20260323_s1_d3.png,,,3
direct,3,train/3/meter_20260401_s1_d3__direct_r00.png,train/3/meter_20260401_s1_d3.png,,,3
direct,3,train/3/meter_20260401_s1_d3__direct_r01.png,train/3/meter_20260401_s1_d3.png,,,3
direct,3,train/3/meter_20260401_s1_d3__direct_r02.png,train/3/meter_20260401_s1_d3.png,,,3
direct,3,train/3/meter_20260401_s1_d3__direct_r03.png,train/3/meter_20260401_s1_d3.png,,,3
direct,3,train/3/meter_20260401_s1_d3__direct_r04.png,train/3/meter_20260401_s1_d3.png,,,3
direct,3,train/3/meter_20260401_s1_d3__direct_r05.png,train/3/meter_20260401_s1_d3.png,,,3
direct,3,train/3/meter_20260409_s1_d3__direct_r00.png,train/3/meter_20260409_s1_d3.png,,,3
direct,3,train/3/meter_20260409_s1_d3__direct_r01.png,train/3/meter_20260409_s1_d3.png,,,3
direct,3,train/3/meter_20260409_s1_d3__direct_r02.png,train/3/meter_20260409_s1_d3.png,,,3
direct,3,train/3/meter_20260409_s1_d3__direct_r03.png,train/3/meter_20260409_s1_d3.png,,,3
direct,3,train/3/meter_20260409_s1_d3__direct_r04.png,train/3/meter_20260409_s1_d3.png,,,3
direct,3,train/3/meter_20260409_s1_d3__direct_r05.png,train/3/meter_20260409_s1_d3.png,,,3
direct,3,train/3/meter_20260409_s3_d3__direct_r00.png,train/3/meter_20260409_s3_d3.png,,,3
direct,3,train/3/meter_20260409_s3_d3__direct_r01.png,train/3/meter_20260409_s3_d3.png,,,3
direct,3,train/3/meter_20260409_s3_d3__direct_r02.png,train/3/meter_20260409_s3_d3.png,,,3
direct,3,train/3/meter_20260409_s3_d3__direct_r03.png,train/3/meter_20260409_s3_d3.png,,,3
direct,3,train/3/meter_20260409_s3_d3__direct_r04.png,train/3/meter_20260409_s3_d3.png,,,3
direct,3,train/3/meter_20260409_s3_d3__direct_r05.png,train/3/meter_20260409_s3_d3.png,,,3
direct,3,train/3/meter_20260413_s1_d3__direct_r00.png,train/3/meter_20260413_s1_d3.png,,,3
direct,3,train/3/meter_20260413_s1_d3__direct_r01.png,train/3/meter_20260413_s1_d3.png,,,3
direct,3,train/3/meter_20260413_s1_d3__direct_r02.png,train/3/meter_20260413_s1_d3.png,,,3
direct,3,train/3/meter_20260413_s1_d3__direct_r03.png,train/3/meter_20260413_s1_d3.png,,,3
direct,3,train/3/meter_20260413_s1_d3__direct_r04.png,train/3/meter_20260413_s1_d3.png,,,3
direct,3,train/3/meter_20260413_s1_d3__direct_r05.png,train/3/meter_20260413_s1_d3.png,,,3
direct,3,train/3/meter_20260416_s1_d3__direct_r00.png,train/3/meter_20260416_s1_d3.png,,,3
direct,3,train/3/meter_20260416_s1_d3__direct_r01.png,train/3/meter_20260416_s1_d3.png,,,3
direct,3,train/3/meter_20260416_s1_d3__direct_r02.png,train/3/meter_20260416_s1_d3.png,,,3
direct,3,train/3/meter_20260416_s1_d3__direct_r03.png,train/3/meter_20260416_s1_d3.png,,,3
direct,3,train/3/meter_20260416_s1_d3__direct_r04.png,train/3/meter_20260416_s1_d3.png,,,3
direct,3,train/3/meter_20260416_s1_d3__direct_r05.png,train/3/meter_20260416_s1_d3.png,,,3
direct,3,train/3/meter_20260420_s1_d3__direct_r00.png,train/3/meter_20260420_s1_d3.png,,,3
direct,3,train/3/meter_20260420_s1_d3__direct_r01.png,train/3/meter_20260420_s1_d3.png,,,3
direct,3,train/3/meter_20260420_s1_d3__direct_r02.png,train/3/meter_20260420_s1_d3.png,,,3
direct,3,train/3/meter_20260420_s1_d3__direct_r03.png,train/3/meter_20260420_s1_d3.png,,,3
direct,3,train/3/meter_20260420_s1_d3__direct_r04.png,train/3/meter_20260420_s1_d3.png,,,3
direct,3,train/3/meter_20260420_s1_d3__direct_r05.png,train/3/meter_20260420_s1_d3.png,,,3
direct,3,train/3/meter_20260423_s1_d3__direct_r00.png,train/3/meter_20260423_s1_d3.png,,,3
direct,3,train/3/meter_20260423_s1_d3__direct_r01.png,train/3/meter_20260423_s1_d3.png,,,3
direct,3,train/3/meter_20260423_s1_d3__direct_r02.png,train/3/meter_20260423_s1_d3.png,,,3
direct,3,train/3/meter_20260423_s1_d3__direct_r03.png,train/3/meter_20260423_s1_d3.png,,,3
direct,3,train/3/meter_20260423_s1_d3__direct_r04.png,train/3/meter_20260423_s1_d3.png,,,3
direct,3,train/3/meter_20260423_s1_d3__direct_r05.png,train/3/meter_20260423_s1_d3.png,,,3
direct,3,train/3/meter_20260427_s1_d3__direct_r00.png,train/3/meter_20260427_s1_d3.png,,,3
direct,3,train/3/meter_20260427_s1_d3__direct_r01.png,train/3/meter_20260427_s1_d3.png,,,3
direct,3,train/3/meter_20260427_s1_d3__direct_r02.png,train/3/meter_20260427_s1_d3.png,,,3
direct,3,train/3/meter_20260427_s1_d3__direct_r03.png,train/3/meter_20260427_s1_d3.png,,,3
direct,3,train/3/meter_20260427_s1_d3__direct_r04.png,train/3/meter_20260427_s1_d3.png,,,3
direct,3,train/3/meter_20260427_s1_d3__direct_r05.png,train/3/meter_20260427_s1_d3.png,,,3
direct,3,train/3/meter_20260507_s1_d3__direct_r00.png,train/3/meter_20260507_s1_d3.png,,,3
direct,3,train/3/meter_20260507_s1_d3__direct_r01.png,train/3/meter_20260507_s1_d3.png,,,3
direct,3,train/3/meter_20260507_s1_d3__direct_r02.png,train/3/meter_20260507_s1_d3.png,,,3
direct,3,train/3/meter_20260507_s1_d3__direct_r03.png,train/3/meter_20260507_s1_d3.png,,,3
direct,3,train/3/meter_20260507_s1_d3__direct_r04.png,train/3/meter_20260507_s1_d3.png,,,3
direct,3,train/3/meter_20260507_s1_d3__direct_r05.png,train/3/meter_20260507_s1_d3.png,,,3
direct,3,train/3/meter_20260507_s2_d3__direct_r00.png,train/3/meter_20260507_s2_d3.png,,,3
direct,3,train/3/meter_20260507_s2_d3__direct_r01.png,train/3/meter_20260507_s2_d3.png,,,3
direct,3,train/3/meter_20260507_s2_d3__direct_r02.png,train/3/meter_20260507_s2_d3.png,,,3
direct,3,train/3/meter_20260507_s2_d3__direct_r03.png,train/3/meter_20260507_s2_d3.png,,,3
direct,3,train/3/meter_20260507_s2_d3__direct_r04.png,train/3/meter_20260507_s2_d3.png,,,3
direct,3,train/3/meter_20260507_s2_d3__direct_r05.png,train/3/meter_20260507_s2_d3.png,,,3
direct,3,train/3/meter_20260512_s1_d3__direct_r00.png,train/3/meter_20260512_s1_d3.png,,,3
direct,3,train/3/meter_20260512_s1_d3__direct_r01.png,train/3/meter_20260512_s1_d3.png,,,3
direct,3,train/3/meter_20260512_s1_d3__direct_r02.png,train/3/meter_20260512_s1_d3.png,,,3
direct,3,train/3/meter_20260512_s1_d3__direct_r03.png,train/3/meter_20260512_s1_d3.png,,,3
direct,3,train/3/meter_20260512_s1_d3__direct_r04.png,train/3/meter_20260512_s1_d3.png,,,3
direct,3,train/3/meter_20260512_s1_d3__direct_r05.png,train/3/meter_20260512_s1_d3.png,,,3
direct,3,train/3/meter_20260512_s2_d3__direct_r00.png,train/3/meter_20260512_s2_d3.png,,,3
direct,3,train/3/meter_20260512_s2_d3__direct_r01.png,train/3/meter_20260512_s2_d3.png,,,3
direct,3,train/3/meter_20260512_s2_d3__direct_r02.png,train/3/meter_20260512_s2_d3.png,,,3
direct,3,train/3/meter_20260512_s2_d3__direct_r03.png,train/3/meter_20260512_s2_d3.png,,,3
direct,3,train/3/meter_20260512_s2_d3__direct_r04.png,train/3/meter_20260512_s2_d3.png,,,3
direct,3,train/3/meter_20260512_s2_d3__direct_r05.png,train/3/meter_20260512_s2_d3.png,,,3
direct,3,train/3/meter_20260515_s1_d3__direct_r00.png,train/3/meter_20260515_s1_d3.png,,,3
direct,3,train/3/meter_20260515_s1_d3__direct_r01.png,train/3/meter_20260515_s1_d3.png,,,3
direct,3,train/3/meter_20260515_s1_d3__direct_r02.png,train/3/meter_20260515_s1_d3.png,,,3
direct,3,train/3/meter_20260515_s1_d3__direct_r03.png,train/3/meter_20260515_s1_d3.png,,,3
direct,3,train/3/meter_20260515_s1_d3__direct_r04.png,train/3/meter_20260515_s1_d3.png,,,3
direct,3,train/3/meter_20260515_s1_d3__direct_r05.png,train/3/meter_20260515_s1_d3.png,,,3
direct,3,train/3/meter_20260515_s2_d3__direct_r00.png,train/3/meter_20260515_s2_d3.png,,,3
direct,3,train/3/meter_20260515_s2_d3__direct_r01.png,train/3/meter_20260515_s2_d3.png,,,3
direct,3,train/3/meter_20260515_s2_d3__direct_r02.png,train/3/meter_20260515_s2_d3.png,,,3
direct,3,train/3/meter_20260515_s2_d3__direct_r03.png,train/3/meter_20260515_s2_d3.png,,,3
direct,3,train/3/meter_20260515_s2_d3__direct_r04.png,train/3/meter_20260515_s2_d3.png,,,3
direct,3,train/3/meter_20260515_s2_d3__direct_r05.png,train/3/meter_20260515_s2_d3.png,,,3
direct,3,train/3/meter_20260518_s1_d3__direct_r00.png,train/3/meter_20260518_s1_d3.png,,,3
direct,3,train/3/meter_20260518_s1_d3__direct_r01.png,train/3/meter_20260518_s1_d3.png,,,3
direct,3,train/3/meter_20260518_s1_d3__direct_r02.png,train/3/meter_20260518_s1_d3.png,,,3
direct,3,train/3/meter_20260518_s1_d3__direct_r03.png,train/3/meter_20260518_s1_d3.png,,,3
direct,3,train/3/meter_20260518_s1_d3__direct_r04.png,train/3/meter_20260518_s1_d3.png,,,3
direct,3,train/3/meter_20260518_s1_d3__direct_r05.png,train/3/meter_20260518_s1_d3.png,,,3
direct,3,train/3/meter_20260518_s2_d3__direct_r00.png,train/3/meter_20260518_s2_d3.png,,,3
direct,3,train/3/meter_20260518_s2_d3__direct_r01.png,train/3/meter_20260518_s2_d3.png,,,3
direct,3,train/3/meter_20260518_s2_d3__direct_r02.png,train/3/meter_20260518_s2_d3.png,,,3
direct,3,train/3/meter_20260518_s2_d3__direct_r03.png,train/3/meter_20260518_s2_d3.png,,,3
direct,3,train/3/meter_20260518_s2_d3__direct_r04.png,train/3/meter_20260518_s2_d3.png,,,3
direct,3,train/3/meter_20260518_s2_d3__direct_r05.png,train/3/meter_20260518_s2_d3.png,,,3
direct,3,train/3/meter_20260518_s3_d3__direct_r00.png,train/3/meter_20260518_s3_d3.png,,,3
direct,3,train/3/meter_20260518_s3_d3__direct_r01.png,train/3/meter_20260518_s3_d3.png,,,3
direct,3,train/3/meter_20260518_s3_d3__direct_r02.png,train/3/meter_20260518_s3_d3.png,,,3
direct,3,train/3/meter_20260518_s3_d3__direct_r03.png,train/3/meter_20260518_s3_d3.png,,,3
direct,3,train/3/meter_20260518_s3_d3__direct_r04.png,train/3/meter_20260518_s3_d3.png,,,3
direct,3,train/3/meter_20260518_s3_d3__direct_r05.png,train/3/meter_20260518_s3_d3.png,,,3
direct,3,train/3/meter_20260521_s1_d3__direct_r00.png,train/3/meter_20260521_s1_d3.png,,,3
direct,3,train/3/meter_20260521_s1_d3__direct_r01.png,train/3/meter_20260521_s1_d3.png,,,3
direct,3,train/3/meter_20260521_s1_d3__direct_r02.png,train/3/meter_20260521_s1_d3.png,,,3
direct,3,train/3/meter_20260521_s1_d3__direct_r03.png,train/3/meter_20260521_s1_d3.png,,,3
direct,3,train/3/meter_20260521_s1_d3__direct_r04.png,train/3/meter_20260521_s1_d3.png,,,3
direct,3,train/3/meter_20260521_s1_d3__direct_r05.png,train/3/meter_20260521_s1_d3.png,,,3
direct,3,train/3/meter_20260521_s2_d3__direct_r00.png,train/3/meter_20260521_s2_d3.png,,,3
direct,3,train/3/meter_20260521_s2_d3__direct_r01.png,train/3/meter_20260521_s2_d3.png,,,3
direct,3,train/3/meter_20260521_s2_d3__direct_r02.png,train/3/meter_20260521_s2_d3.png,,,3
direct,3,train/3/meter_20260521_s2_d3__direct_r03.png,train/3/meter_20260521_s2_d3.png,,,3
direct,3,train/3/meter_20260521_s2_d3__direct_r04.png,train/3/meter_20260521_s2_d3.png,,,3
direct,3,train/3/meter_20260521_s2_d3__direct_r05.png,train/3/meter_20260521_s2_d3.png,,,3
direct,3,train/3/meter_20260524_s1_d3__direct_r00.png,train/3/meter_20260524_s1_d3.png,,,3
direct,3,train/3/meter_20260524_s1_d3__direct_r01.png,train/3/meter_20260524_s1_d3.png,,,3
direct,3,train/3/meter_20260524_s1_d3__direct_r02.png,train/3/meter_20260524_s1_d3.png,,,3
direct,3,train/3/meter_20260524_s1_d3__direct_r03.png,train/3/meter_20260524_s1_d3.png,,,3
direct,3,train/3/meter_20260524_s1_d3__direct_r04.png,train/3/meter_20260524_s1_d3.png,,,3
direct,3,train/3/meter_20260524_s1_d3__direct_r05.png,train/3/meter_20260524_s1_d3.png,,,3
direct,3,train/3/meter_20260524_s2_d3__direct_r00.png,train/3/meter_20260524_s2_d3.png,,,3
direct,3,train/3/meter_20260524_s2_d3__direct_r01.png,train/3/meter_20260524_s2_d3.png,,,3
direct,3,train/3/meter_20260524_s2_d3__direct_r02.png,train/3/meter_20260524_s2_d3.png,,,3
direct,3,train/3/meter_20260524_s2_d3__direct_r03.png,train/3/meter_20260524_s2_d3.png,,,3
direct,3,train/3/meter_20260524_s2_d3__direct_r04.png,train/3/meter_20260524_s2_d3.png,,,3
direct,3,train/3/meter_20260524_s2_d3__direct_r05.png,train/3/meter_20260524_s2_d3.png,,,3
direct,4,train/4/meter_20200701_s3_d4__direct_r00.png,train/4/meter_20200701_s3_d4.png,,,4
direct,4,train/4/meter_20200701_s3_d4__direct_r01.png,train/4/meter_20200701_s3_d4.png,,,4
direct,4,train/4/meter_20200701_s3_d4__direct_r02.png,train/4/meter_20200701_s3_d4.png,,,4
direct,4,train/4/meter_20200701_s3_d4__direct_r03.png,train/4/meter_20200701_s3_d4.png,,,4
direct,4,train/4/meter_20200701_s3_d4__direct_r04.png,train/4/meter_20200701_s3_d4.png,,,4
direct,4,train/4/meter_20200701_s3_d4__direct_r05.png,train/4/meter_20200701_s3_d4.png,,,4
direct,4,train/4/meter_20260224_s3_d4__direct_r00.png,train/4/meter_20260224_s3_d4.png,,,4
direct,4,train/4/meter_20260224_s3_d4__direct_r01.png,train/4/meter_20260224_s3_d4.png,,,4
direct,4,train/4/meter_20260224_s3_d4__direct_r02.png,train/4/meter_20260224_s3_d4.png,,,4
direct,4,train/4/meter_20260224_s3_d4__direct_r03.png,train/4/meter_20260224_s3_d4.png,,,4
direct,4,train/4/meter_20260224_s3_d4__direct_r04.png,train/4/meter_20260224_s3_d4.png,,,4
direct,4,train/4/meter_20260224_s3_d4__direct_r05.png,train/4/meter_20260224_s3_d4.png,,,4
direct,4,train/4/meter_20260413_s3_d4__direct_r00.png,train/4/meter_20260413_s3_d4.png,,,4
direct,4,train/4/meter_20260413_s3_d4__direct_r01.png,train/4/meter_20260413_s3_d4.png,,,4
direct,4,train/4/meter_20260413_s3_d4__direct_r02.png,train/4/meter_20260413_s3_d4.png,,,4
direct,4,train/4/meter_20260413_s3_d4__direct_r03.png,train/4/meter_20260413_s3_d4.png,,,4
direct,4,train/4/meter_20260413_s3_d4__direct_r04.png,train/4/meter_20260413_s3_d4.png,,,4
direct,4,train/4/meter_20260413_s3_d4__direct_r05.png,train/4/meter_20260413_s3_d4.png,,,4
direct,4,train/4/meter_20260521_s3_d4__direct_r00.png,train/4/meter_20260521_s3_d4.png,,,4
direct,4,train/4/meter_20260521_s3_d4__direct_r01.png,train/4/meter_20260521_s3_d4.png,,,4
direct,4,train/4/meter_20260521_s3_d4__direct_r02.png,train/4/meter_20260521_s3_d4.png,,,4
direct,4,train/4/meter_20260521_s3_d4__direct_r03.png,train/4/meter_20260521_s3_d4.png,,,4
direct,4,train/4/meter_20260521_s3_d4__direct_r04.png,train/4/meter_20260521_s3_d4.png,,,4
direct,4,train/4/meter_20260521_s3_d4__direct_r05.png,train/4/meter_20260521_s3_d4.png,,,4
direct,5,train/5/meter_20260227_s3_d5__direct_r00.png,train/5/meter_20260227_s3_d5.png,,,5
direct,5,train/5/meter_20260227_s3_d5__direct_r01.png,train/5/meter_20260227_s3_d5.png,,,5
direct,5,train/5/meter_20260227_s3_d5__direct_r02.png,train/5/meter_20260227_s3_d5.png,,,5
direct,5,train/5/meter_20260227_s3_d5__direct_r03.png,train/5/meter_20260227_s3_d5.png,,,5
direct,5,train/5/meter_20260227_s3_d5__direct_r04.png,train/5/meter_20260227_s3_d5.png,,,5
direct,5,train/5/meter_20260227_s3_d5__direct_r05.png,train/5/meter_20260227_s3_d5.png,,,5
direct,5,train/5/meter_20260416_s3_d5__direct_r00.png,train/5/meter_20260416_s3_d5.png,,,5
direct,5,train/5/meter_20260416_s3_d5__direct_r01.png,train/5/meter_20260416_s3_d5.png,,,5
direct,5,train/5/meter_20260416_s3_d5__direct_r02.png,train/5/meter_20260416_s3_d5.png,,,5
direct,5,train/5/meter_20260416_s3_d5__direct_r03.png,train/5/meter_20260416_s3_d5.png,,,5
direct,5,train/5/meter_20260416_s3_d5__direct_r04.png,train/5/meter_20260416_s3_d5.png,,,5
direct,5,train/5/meter_20260416_s3_d5__direct_r05.png,train/5/meter_20260416_s3_d5.png,,,5
direct,5,train/5/meter_20260524_s3_d5__direct_r00.png,train/5/meter_20260524_s3_d5.png,,,5
direct,5,train/5/meter_20260524_s3_d5__direct_r01.png,train/5/meter_20260524_s3_d5.png,,,5
direct,5,train/5/meter_20260524_s3_d5__direct_r02.png,train/5/meter_20260524_s3_d5.png,,,5
direct,5,train/5/meter_20260524_s3_d5__direct_r03.png,train/5/meter_20260524_s3_d5.png,,,5
direct,5,train/5/meter_20260524_s3_d5__direct_r04.png,train/5/meter_20260524_s3_d5.png,,,5
direct,5,train/5/meter_20260524_s3_d5__direct_r05.png,train/5/meter_20260524_s3_d5.png,,,5
direct,6,train/6/meter_20260303_s3_d6__direct_r00.png,train/6/meter_20260303_s3_d6.png,,,6
direct,6,train/6/meter_20260303_s3_d6__direct_r01.png,train/6/meter_20260303_s3_d6.png,,,6
direct,6,train/6/meter_20260303_s3_d6__direct_r02.png,train/6/meter_20260303_s3_d6.png,,,6
direct,6,train/6/meter_20260303_s3_d6__direct_r03.png,train/6/meter_20260303_s3_d6.png,,,6
direct,6,train/6/meter_20260303_s3_d6__direct_r04.png,train/6/meter_20260303_s3_d6.png,,,6
direct,6,train/6/meter_20260303_s3_d6__direct_r05.png,train/6/meter_20260303_s3_d6.png,,,6
direct,6,train/6/meter_20260420_s3_d6__direct_r00.png,train/6/meter_20260420_s3_d6.png,,,6
direct,6,train/6/meter_20260420_s3_d6__direct_r01.png,train/6/meter_20260420_s3_d6.png,,,6
direct,6,train/6/meter_20260420_s3_d6__direct_r02.png,train/6/meter_20260420_s3_d6.png,,,6
direct,6,train/6/meter_20260420_s3_d6__direct_r03.png,train/6/meter_20260420_s3_d6.png,,,6
direct,6,train/6/meter_20260420_s3_d6__direct_r04.png,train/6/meter_20260420_s3_d6.png,,,6
direct,6,train/6/meter_20260420_s3_d6__direct_r05.png,train/6/meter_20260420_s3_d6.png,,,6
direct,7,train/7/meter_20200701_s1_d7__direct_r00.png,train/7/meter_20200701_s1_d7.png,,,7
direct,7,train/7/meter_20200701_s1_d7__direct_r01.png,train/7/meter_20200701_s1_d7.png,,,7
direct,7,train/7/meter_20200701_s1_d7__direct_r02.png,train/7/meter_20200701_s1_d7.png,,,7
direct,7,train/7/meter_20200701_s1_d7__direct_r03.png,train/7/meter_20200701_s1_d7.png,,,7
direct,7,train/7/meter_20200701_s1_d7__direct_r04.png,train/7/meter_20200701_s1_d7.png,,,7
direct,7,train/7/meter_20200701_s1_d7__direct_r05.png,train/7/meter_20200701_s1_d7.png,,,7
direct,7,train/7/meter_20251009_s2_d7__direct_r00.png,train/7/meter_20251009_s2_d7.png,,,7
direct,7,train/7/meter_20251009_s2_d7__direct_r01.png,train/7/meter_20251009_s2_d7.png,,,7
direct,7,train/7/meter_20251009_s2_d7__direct_r02.png,train/7/meter_20251009_s2_d7.png,,,7
direct,7,train/7/meter_20251009_s2_d7__direct_r03.png,train/7/meter_20251009_s2_d7.png,,,7
direct,7,train/7/meter_20251009_s2_d7__direct_r04.png,train/7/meter_20251009_s2_d7.png,,,7
direct,7,train/7/meter_20251009_s2_d7__direct_r05.png,train/7/meter_20251009_s2_d7.png,,,7
direct,7,train/7/meter_20260130_s3_d7__direct_r00.png,train/7/meter_20260130_s3_d7.png,,,7
direct,7,train/7/meter_20260130_s3_d7__direct_r01.png,train/7/meter_20260130_s3_d7.png,,,7
direct,7,train/7/meter_20260130_s3_d7__direct_r02.png,train/7/meter_20260130_s3_d7.png,,,7
direct,7,train/7/meter_20260130_s3_d7__direct_r03.png,train/7/meter_20260130_s3_d7.png,,,7
direct,7,train/7/meter_20260130_s3_d7__direct_r04.png,train/7/meter_20260130_s3_d7.png,,,7
direct,7,train/7/meter_20260130_s3_d7__direct_r05.png,train/7/meter_20260130_s3_d7.png,,,7
direct,7,train/7/meter_20260307_s3_d7__direct_r00.png,train/7/meter_20260307_s3_d7.png,,,7
direct,7,train/7/meter_20260307_s3_d7__direct_r01.png,train/7/meter_20260307_s3_d7.png,,,7
direct,7,train/7/meter_20260307_s3_d7__direct_r02.png,train/7/meter_20260307_s3_d7.png,,,7
direct,7,train/7/meter_20260307_s3_d7__direct_r03.png,train/7/meter_20260307_s3_d7.png,,,7
direct,7,train/7/meter_20260307_s3_d7__direct_r04.png,train/7/meter_20260307_s3_d7.png,,,7
direct,7,train/7/meter_20260307_s3_d7__direct_r05.png,train/7/meter_20260307_s3_d7.png,,,7
direct,7,train/7/meter_20260423_s3_d7__direct_r00.png,train/7/meter_20260423_s3_d7.png,,,7
direct,7,train/7/meter_20260423_s3_d7__direct_r01.png,train/7/meter_20260423_s3_d7.png,,,7
direct,7,train/7/meter_20260423_s3_d7__direct_r02.png,train/7/meter_20260423_s3_d7.png,,,7
direct,7,train/7/meter_20260423_s3_d7__direct_r03.png,train/7/meter_20260423_s3_d7.png,,,7
direct,7,train/7/meter_20260423_s3_d7__direct_r04.png,train/7/meter_20260423_s3_d7.png,,,7
direct,7,train/7/meter_20260423_s3_d7__direct_r05.png,train/7/meter_20260423_s3_d7.png,,,7
direct,8,train/8/meter_20200701_s2_d8__direct_r00.png,train/8/meter_20200701_s2_d8.png,,,8
direct,8,train/8/meter_20200701_s2_d8__direct_r01.png,train/8/meter_20200701_s2_d8.png,,,8
direct,8,train/8/meter_20200701_s2_d8__direct_r02.png,train/8/meter_20200701_s2_d8.png,,,8
direct,8,train/8/meter_20200701_s2_d8__direct_r03.png,train/8/meter_20200701_s2_d8.png,,,8
direct,8,train/8/meter_20200701_s2_d8__direct_r04.png,train/8/meter_20200701_s2_d8.png,,,8
direct,8,train/8/meter_20200701_s2_d8__direct_r05.png,train/8/meter_20200701_s2_d8.png,,,8
direct,8,train/8/meter_20201111_s1_d8__direct_r00.png,train/8/meter_20201111_s1_d8.png,,,8
direct,8,train/8/meter_20201111_s1_d8__direct_r01.png,train/8/meter_20201111_s1_d8.png,,,8
direct,8,train/8/meter_20201111_s1_d8__direct_r02.png,train/8/meter_20201111_s1_d8.png,,,8
direct,8,train/8/meter_20201111_s1_d8__direct_r03.png,train/8/meter_20201111_s1_d8.png,,,8
direct,8,train/8/meter_20201111_s1_d8__direct_r04.png,train/8/meter_20201111_s1_d8.png,,,8
direct,8,train/8/meter_20201111_s1_d8__direct_r05.png,train/8/meter_20201111_s1_d8.png,,,8
direct,8,train/8/meter_20260202_s3_d8__direct_r00.png,train/8/meter_20260202_s3_d8.png,,,8
direct,8,train/8/meter_20260202_s3_d8__direct_r01.png,train/8/meter_20260202_s3_d8.png,,,8
direct,8,train/8/meter_20260202_s3_d8__direct_r02.png,train/8/meter_20260202_s3_d8.png,,,8
direct,8,train/8/meter_20260202_s3_d8__direct_r03.png,train/8/meter_20260202_s3_d8.png,,,8
direct,8,train/8/meter_20260202_s3_d8__direct_r04.png,train/8/meter_20260202_s3_d8.png,,,8
direct,8,train/8/meter_20260202_s3_d8__direct_r05.png,train/8/meter_20260202_s3_d8.png,,,8
direct,8,train/8/meter_20260310_s3_d8__direct_r00.png,train/8/meter_20260310_s3_d8.png,,,8
direct,8,train/8/meter_20260310_s3_d8__direct_r01.png,train/8/meter_20260310_s3_d8.png,,,8
direct,8,train/8/meter_20260310_s3_d8__direct_r02.png,train/8/meter_20260310_s3_d8.png,,,8
direct,8,train/8/meter_20260310_s3_d8__direct_r03.png,train/8/meter_20260310_s3_d8.png,,,8
direct,8,train/8/meter_20260310_s3_d8__direct_r04.png,train/8/meter_20260310_s3_d8.png,,,8
direct,8,train/8/meter_20260310_s3_d8__direct_r05.png,train/8/meter_20260310_s3_d8.png,,,8
direct,8,train/8/meter_20260427_s3_d8__direct_r00.png,train/8/meter_20260427_s3_d8.png,,,8
direct,8,train/8/meter_20260427_s3_d8__direct_r01.png,train/8/meter_20260427_s3_d8.png,,,8
direct,8,train/8/meter_20260427_s3_d8__direct_r02.png,train/8/meter_20260427_s3_d8.png,,,8
direct,8,train/8/meter_20260427_s3_d8__direct_r03.png,train/8/meter_20260427_s3_d8.png,,,8
direct,8,train/8/meter_20260427_s3_d8__direct_r04.png,train/8/meter_20260427_s3_d8.png,,,8
direct,8,train/8/meter_20260427_s3_d8__direct_r05.png,train/8/meter_20260427_s3_d8.png,,,8
direct,9,train/9/meter_20201111_s3_d9__direct_r00.png,train/9/meter_20201111_s3_d9.png,,,9
direct,9,train/9/meter_20201111_s3_d9__direct_r01.png,train/9/meter_20201111_s3_d9.png,,,9
direct,9,train/9/meter_20201111_s3_d9__direct_r02.png,train/9/meter_20201111_s3_d9.png,,,9
direct,9,train/9/meter_20201111_s3_d9__direct_r03.png,train/9/meter_20201111_s3_d9.png,,,9
direct,9,train/9/meter_20201111_s3_d9__direct_r04.png,train/9/meter_20201111_s3_d9.png,,,9
direct,9,train/9/meter_20201111_s3_d9__direct_r05.png,train/9/meter_20201111_s3_d9.png,,,9
direct,9,train/9/meter_20251009_s3_d9__direct_r00.png,train/9/meter_20251009_s3_d9.png,,,9
direct,9,train/9/meter_20251009_s3_d9__direct_r01.png,train/9/meter_20251009_s3_d9.png,,,9
direct,9,train/9/meter_20251009_s3_d9__direct_r02.png,train/9/meter_20251009_s3_d9.png,,,9
direct,9,train/9/meter_20251009_s3_d9__direct_r03.png,train/9/meter_20251009_s3_d9.png,,,9
direct,9,train/9/meter_20251009_s3_d9__direct_r04.png,train/9/meter_20251009_s3_d9.png,,,9
direct,9,train/9/meter_20251009_s3_d9__direct_r05.png,train/9/meter_20251009_s3_d9.png,,,9
composed,9,train/9/synthetic_window_00000_s0_d9.png,train/9/meter_20251009_s3_d9.png|train/9/meter_20251009_s3_d9.png|train/0/meter_20260130_s2_d0.png|train/9/meter_20201111_s3_d9.png,0,0,9909
composed,9,train/9/synthetic_window_00000_s1_d9.png,train/9/meter_20251009_s3_d9.png|train/9/meter_20251009_s3_d9.png|train/0/meter_20260130_s2_d0.png|train/9/meter_20201111_s3_d9.png,0,1,9909
composed,0,train/0/synthetic_window_00000_s2_d0.png,train/9/meter_20251009_s3_d9.png|train/9/meter_20251009_s3_d9.png|train/0/meter_20260130_s2_d0.png|train/9/meter_20201111_s3_d9.png,0,2,9909
composed,9,train/9/synthetic_window_00000_s3_d9.png,train/9/meter_20251009_s3_d9.png|train/9/meter_20251009_s3_d9.png|train/0/meter_20260130_s2_d0.png|train/9/meter_20201111_s3_d9.png,0,3,9909
composed,8,train/8/synthetic_window_00001_s0_d8.png,train/8/meter_20260202_s3_d8.png|train/2/meter_20260210_s0_d2.png|train/9/meter_20251009_s3_d9.png|train/1/meter_20201111_s0_d1.png,1,0,8291
composed,2,train/2/synthetic_window_00001_s1_d2.png,train/8/meter_20260202_s3_d8.png|train/2/meter_20260210_s0_d2.png|train/9/meter_20251009_s3_d9.png|train/1/meter_20201111_s0_d1.png,1,1,8291
composed,9,train/9/synthetic_window_00001_s2_d9.png,train/8/meter_20260202_s3_d8.png|train/2/meter_20260210_s0_d2.png|train/9/meter_20251009_s3_d9.png|train/1/meter_20201111_s0_d1.png,1,2,8291
composed,1,train/1/synthetic_window_00001_s3_d1.png,train/8/meter_20260202_s3_d8.png|train/2/meter_20260210_s0_d2.png|train/9/meter_20251009_s3_d9.png|train/1/meter_20201111_s0_d1.png,1,3,8291
composed,5,train/5/synthetic_window_00002_s0_d5.png,train/5/meter_20260227_s3_d5.png|train/5/meter_20260227_s3_d5.png|train/3/meter_20260216_s1_d3.png|train/6/meter_20260420_s3_d6.png,2,0,5536
composed,5,train/5/synthetic_window_00002_s1_d5.png,train/5/meter_20260227_s3_d5.png|train/5/meter_20260227_s3_d5.png|train/3/meter_20260216_s1_d3.png|train/6/meter_20260420_s3_d6.png,2,1,5536
composed,3,train/3/synthetic_window_00002_s2_d3.png,train/5/meter_20260227_s3_d5.png|train/5/meter_20260227_s3_d5.png|train/3/meter_20260216_s1_d3.png|train/6/meter_20260420_s3_d6.png,2,2,5536
composed,6,train/6/synthetic_window_00002_s3_d6.png,train/5/meter_20260227_s3_d5.png|train/5/meter_20260227_s3_d5.png|train/3/meter_20260216_s1_d3.png|train/6/meter_20260420_s3_d6.png,2,3,5536
composed,8,train/8/synthetic_window_00003_s0_d8.png,train/8/meter_20201111_s1_d8.png|train/5/meter_20260524_s3_d5.png|train/3/meter_20260518_s2_d3.png|train/5/meter_20260416_s3_d5.png,3,0,8535
composed,5,train/5/synthetic_window_00003_s1_d5.png,train/8/meter_20201111_s1_d8.png|train/5/meter_20260524_s3_d5.png|train/3/meter_20260518_s2_d3.png|train/5/meter_20260416_s3_d5.png,3,1,8535
composed,3,train/3/synthetic_window_00003_s2_d3.png,train/8/meter_20201111_s1_d8.png|train/5/meter_20260524_s3_d5.png|train/3/meter_20260518_s2_d3.png|train/5/meter_20260416_s3_d5.png,3,2,8535
composed,5,train/5/synthetic_window_00003_s3_d5.png,train/8/meter_20201111_s1_d8.png|train/5/meter_20260524_s3_d5.png|train/3/meter_20260518_s2_d3.png|train/5/meter_20260416_s3_d5.png,3,3,8535
composed,7,train/7/synthetic_window_00004_s0_d7.png,train/7/meter_20260423_s3_d7.png|train/9/meter_20251009_s3_d9.png|train/6/meter_20260420_s3_d6.png|train/2/meter_20260413_s0_d2.png,4,0,7962
composed,9,train/9/synthetic_window_00004_s1_d9.png,train/7/meter_20260423_s3_d7.png|train/9/meter_20251009_s3_d9.png|train/6/meter_20260420_s3_d6.png|train/2/meter_20260413_s0_d2.png,4,1,7962
composed,6,train/6/synthetic_window_00004_s2_d6.png,train/7/meter_20260423_s3_d7.png|train/9/meter_20251009_s3_d9.png|train/6/meter_20260420_s3_d6.png|train/2/meter_20260413_s0_d2.png,4,2,7962
composed,2,train/2/synthetic_window_00004_s3_d2.png,train/7/meter_20260423_s3_d7.png|train/9/meter_20251009_s3_d9.png|train/6/meter_20260420_s3_d6.png|train/2/meter_20260413_s0_d2.png,4,3,7962
composed,9,train/9/synthetic_window_00005_s0_d9.png,train/9/meter_20201111_s3_d9.png|train/1/meter_20201111_s0_d1.png|train/7/meter_20251009_s2_d7.png|train/3/meter_20260224_s1_d3.png,5,0,9173
composed,1,train/1/synthetic_window_00005_s1_d1.png,train/9/meter_20201111_s3_d9.png|train/1/meter_20201111_s0_d1.png|train/7/meter_20251009_s2_d7.png|train/3/meter_20260224_s1_d3.png,5,1,9173
composed,7,train/7/synthetic_window_00005_s2_d7.png,train/9/meter_20201111_s3_d9.png|train/1/meter_20201111_s0_d1.png|train/7/meter_20251009_s2_d7.png|train/3/meter_20260224_s1_d3.png,5,2,9173
composed,3,train/3/synthetic_window_00005_s3_d3.png,train/9/meter_20201111_s3_d9.png|train/1/meter_20201111_s0_d1.png|train/7/meter_20251009_s2_d7.png|train/3/meter_20260224_s1_d3.png,5,3,9173
composed,4,train/4/synthetic_window_00006_s0_d4.png,train/4/meter_20200701_s3_d4.png|train/3/meter_20260220_s3_d3.png|train/1/meter_20260512_s3_d1.png|train/8/meter_20201111_s1_d8.png,6,0,4318
composed,3,train/3/synthetic_window_00006_s1_d3.png,train/4/meter_20200701_s3_d4.png|train/3/meter_20260220_s3_d3.png|train/1/meter_20260512_s3_d1.png|train/8/meter_20201111_s1_d8.png,6,1,4318
composed,1,train/1/synthetic_window_00006_s2_d1.png,train/4/meter_20200701_s3_d4.png|train/3/meter_20260220_s3_d3.png|train/1/meter_20260512_s3_d1.png|train/8/meter_20201111_s1_d8.png,6,2,4318
composed,8,train/8/synthetic_window_00006_s3_d8.png,train/4/meter_20200701_s3_d4.png|train/3/meter_20260220_s3_d3.png|train/1/meter_20260512_s3_d1.png|train/8/meter_20201111_s1_d8.png,6,3,4318
composed,5,train/5/synthetic_window_00007_s0_d5.png,train/5/meter_20260227_s3_d5.png|train/6/meter_20260303_s3_d6.png|train/7/meter_20260130_s3_d7.png|train/8/meter_20200701_s2_d8.png,7,0,5678
composed,6,train/6/synthetic_window_00007_s1_d6.png,train/5/meter_20260227_s3_d5.png|train/6/meter_20260303_s3_d6.png|train/7/meter_20260130_s3_d7.png|train/8/meter_20200701_s2_d8.png,7,1,5678
composed,7,train/7/synthetic_window_00007_s2_d7.png,train/5/meter_20260227_s3_d5.png|train/6/meter_20260303_s3_d6.png|train/7/meter_20260130_s3_d7.png|train/8/meter_20200701_s2_d8.png,7,2,5678
composed,8,train/8/synthetic_window_00007_s3_d8.png,train/5/meter_20260227_s3_d5.png|train/6/meter_20260303_s3_d6.png|train/7/meter_20260130_s3_d7.png|train/8/meter_20200701_s2_d8.png,7,3,5678
composed,5,train/5/synthetic_window_00008_s0_d5.png,train/5/meter_20260416_s3_d5.png|train/3/meter_20260515_s2_d3.png|train/0/meter_20260202_s2_d0.png|train/3/meter_20260515_s1_d3.png,8,0,5303
composed,3,train/3/synthetic_window_00008_s1_d3.png,train/5/meter_20260416_s3_d5.png|train/3/meter_20260515_s2_d3.png|train/0/meter_20260202_s2_d0.png|train/3/meter_20260515_s1_d3.png,8,1,5303
composed,0,train/0/synthetic_window_00008_s2_d0.png,train/5/meter_20260416_s3_d5.png|train/3/meter_20260515_s2_d3.png|train/0/meter_20260202_s2_d0.png|train/3/meter_20260515_s1_d3.png,8,2,5303
composed,3,train/3/synthetic_window_00008_s3_d3.png,train/5/meter_20260416_s3_d5.png|train/3/meter_20260515_s2_d3.png|train/0/meter_20260202_s2_d0.png|train/3/meter_20260515_s1_d3.png,8,3,5303
composed,8,train/8/synthetic_window_00009_s0_d8.png,train/8/meter_20260202_s3_d8.png|train/0/meter_20260323_s3_d0.png|train/2/meter_20260420_s2_d2.png|train/1/meter_20200701_s0_d1.png,9,0,8021
composed,0,train/0/synthetic_window_00009_s1_d0.png,train/8/meter_20260202_s3_d8.png|train/0/meter_20260323_s3_d0.png|train/2/meter_20260420_s2_d2.png|train/1/meter_20200701_s0_d1.png,9,1,8021
composed,2,train/2/synthetic_window_00009_s2_d2.png,train/8/meter_20260202_s3_d8.png|train/0/meter_20260323_s3_d0.png|train/2/meter_20260420_s2_d2.png|train/1/meter_20200701_s0_d1.png,9,2,8021
composed,1,train/1/synthetic_window_00009_s3_d1.png,train/8/meter_20260202_s3_d8.png|train/0/meter_20260323_s3_d0.png|train/2/meter_20260420_s2_d2.png|train/1/meter_20200701_s0_d1.png,9,3,8021
composed,5,train/5/synthetic_window_00010_s0_d5.png,train/5/meter_20260227_s3_d5.png|train/6/meter_20260303_s3_d6.png|train/1/meter_20260220_s2_d1.png|train/2/meter_20260220_s0_d2.png,10,0,5612
composed,6,train/6/synthetic_window_00010_s1_d6.png,train/5/meter_20260227_s3_d5.png|train/6/meter_20260303_s3_d6.png|train/1/meter_20260220_s2_d1.png|train/2/meter_20260220_s0_d2.png,10,1,5612
composed,1,train/1/synthetic_window_00010_s2_d1.png,train/5/meter_20260227_s3_d5.png|train/6/meter_20260303_s3_d6.png|train/1/meter_20260220_s2_d1.png|train/2/meter_20260220_s0_d2.png,10,2,5612
composed,2,train/2/synthetic_window_00010_s3_d2.png,train/5/meter_20260227_s3_d5.png|train/6/meter_20260303_s3_d6.png|train/1/meter_20260220_s2_d1.png|train/2/meter_20260220_s0_d2.png,10,3,5612
composed,2,train/2/synthetic_window_00011_s0_d2.png,train/2/meter_20251009_s0_d2.png|train/9/meter_20251009_s3_d9.png|train/9/meter_20251009_s3_d9.png|train/3/meter_20260420_s1_d3.png,11,0,2993
composed,9,train/9/synthetic_window_00011_s1_d9.png,train/2/meter_20251009_s0_d2.png|train/9/meter_20251009_s3_d9.png|train/9/meter_20251009_s3_d9.png|train/3/meter_20260420_s1_d3.png,11,1,2993
composed,9,train/9/synthetic_window_00011_s2_d9.png,train/2/meter_20251009_s0_d2.png|train/9/meter_20251009_s3_d9.png|train/9/meter_20251009_s3_d9.png|train/3/meter_20260420_s1_d3.png,11,2,2993
composed,3,train/3/synthetic_window_00011_s3_d3.png,train/2/meter_20251009_s0_d2.png|train/9/meter_20251009_s3_d9.png|train/9/meter_20251009_s3_d9.png|train/3/meter_20260420_s1_d3.png,11,3,2993
composed,1,train/1/synthetic_window_00012_s0_d1.png,train/1/meter_20260210_s2_d1.png|train/8/meter_20200701_s2_d8.png|train/2/meter_20260427_s0_d2.png|train/4/meter_20260521_s3_d4.png,12,0,1824
composed,8,train/8/synthetic_window_00012_s1_d8.png,train/1/meter_20260210_s2_d1.png|train/8/meter_20200701_s2_d8.png|train/2/meter_20260427_s0_d2.png|train/4/meter_20260521_s3_d4.png,12,1,1824
composed,2,train/2/synthetic_window_00012_s2_d2.png,train/1/meter_20260210_s2_d1.png|train/8/meter_20200701_s2_d8.png|train/2/meter_20260427_s0_d2.png|train/4/meter_20260521_s3_d4.png,12,2,1824
composed,4,train/4/synthetic_window_00012_s3_d4.png,train/1/meter_20260210_s2_d1.png|train/8/meter_20200701_s2_d8.png|train/2/meter_20260427_s0_d2.png|train/4/meter_20260521_s3_d4.png,12,3,1824
composed,2,train/2/synthetic_window_00013_s0_d2.png,train/2/meter_20260423_s0_d2.png|train/9/meter_20201111_s3_d9.png|train/8/meter_20260310_s3_d8.png|train/6/meter_20260303_s3_d6.png,13,0,2986
composed,9,train/9/synthetic_window_00013_s1_d9.png,train/2/meter_20260423_s0_d2.png|train/9/meter_20201111_s3_d9.png|train/8/meter_20260310_s3_d8.png|train/6/meter_20260303_s3_d6.png,13,1,2986
composed,8,train/8/synthetic_window_00013_s2_d8.png,train/2/meter_20260423_s0_d2.png|train/9/meter_20201111_s3_d9.png|train/8/meter_20260310_s3_d8.png|train/6/meter_20260303_s3_d6.png,13,2,2986
composed,6,train/6/synthetic_window_00013_s3_d6.png,train/2/meter_20260423_s0_d2.png|train/9/meter_20201111_s3_d9.png|train/8/meter_20260310_s3_d8.png|train/6/meter_20260303_s3_d6.png,13,3,2986
composed,3,train/3/synthetic_window_00014_s0_d3.png,train/3/meter_20260416_s1_d3.png|train/2/meter_20260507_s0_d2.png|train/7/meter_20260130_s3_d7.png|train/9/meter_20251009_s3_d9.png,14,0,3279
composed,2,train/2/synthetic_window_00014_s1_d2.png,train/3/meter_20260416_s1_d3.png|train/2/meter_20260507_s0_d2.png|train/7/meter_20260130_s3_d7.png|train/9/meter_20251009_s3_d9.png,14,1,3279
composed,7,train/7/synthetic_window_00014_s2_d7.png,train/3/meter_20260416_s1_d3.png|train/2/meter_20260507_s0_d2.png|train/7/meter_20260130_s3_d7.png|train/9/meter_20251009_s3_d9.png,14,2,3279
composed,9,train/9/synthetic_window_00014_s3_d9.png,train/3/meter_20260416_s1_d3.png|train/2/meter_20260507_s0_d2.png|train/7/meter_20260130_s3_d7.png|train/9/meter_20251009_s3_d9.png,14,3,3279
composed,7,train/7/synthetic_window_00015_s0_d7.png,train/7/meter_20260130_s3_d7.png|train/8/meter_20201111_s1_d8.png|train/7/meter_20260423_s3_d7.png|train/5/meter_20260524_s3_d5.png,15,0,7875
composed,8,train/8/synthetic_window_00015_s1_d8.png,train/7/meter_20260130_s3_d7.png|train/8/meter_20201111_s1_d8.png|train/7/meter_20260423_s3_d7.png|train/5/meter_20260524_s3_d5.png,15,1,7875
composed,7,train/7/synthetic_window_00015_s2_d7.png,train/7/meter_20260130_s3_d7.png|train/8/meter_20201111_s1_d8.png|train/7/meter_20260423_s3_d7.png|train/5/meter_20260524_s3_d5.png,15,2,7875
composed,5,train/5/synthetic_window_00015_s3_d5.png,train/7/meter_20260130_s3_d7.png|train/8/meter_20201111_s1_d8.png|train/7/meter_20260423_s3_d7.png|train/5/meter_20260524_s3_d5.png,15,3,7875
composed,0,train/0/synthetic_window_00016_s0_d0.png,train/0/meter_20260210_s3_d0.png|train/0/meter_20260202_s2_d0.png|train/6/meter_20260420_s3_d6.png|train/9/meter_20251009_s3_d9.png,16,0,0069
composed,0,train/0/synthetic_window_00016_s1_d0.png,train/0/meter_20260210_s3_d0.png|train/0/meter_20260202_s2_d0.png|train/6/meter_20260420_s3_d6.png|train/9/meter_20251009_s3_d9.png,16,1,0069
composed,6,train/6/synthetic_window_00016_s2_d6.png,train/0/meter_20260210_s3_d0.png|train/0/meter_20260202_s2_d0.png|train/6/meter_20260420_s3_d6.png|train/9/meter_20251009_s3_d9.png,16,2,0069
composed,9,train/9/synthetic_window_00016_s3_d9.png,train/0/meter_20260210_s3_d0.png|train/0/meter_20260202_s2_d0.png|train/6/meter_20260420_s3_d6.png|train/9/meter_20251009_s3_d9.png,16,3,0069
composed,8,train/8/synthetic_window_00017_s0_d8.png,train/8/meter_20200701_s2_d8.png|train/4/meter_20260224_s3_d4.png|train/0/meter_20260323_s3_d0.png|train/5/meter_20260227_s3_d5.png,17,0,8405
composed,4,train/4/synthetic_window_00017_s1_d4.png,train/8/meter_20200701_s2_d8.png|train/4/meter_20260224_s3_d4.png|train/0/meter_20260323_s3_d0.png|train/5/meter_20260227_s3_d5.png,17,1,8405
composed,0,train/0/synthetic_window_00017_s2_d0.png,train/8/meter_20200701_s2_d8.png|train/4/meter_20260224_s3_d4.png|train/0/meter_20260323_s3_d0.png|train/5/meter_20260227_s3_d5.png,17,2,8405
composed,5,train/5/synthetic_window_00017_s3_d5.png,train/8/meter_20200701_s2_d8.png|train/4/meter_20260224_s3_d4.png|train/0/meter_20260323_s3_d0.png|train/5/meter_20260227_s3_d5.png,17,3,8405
composed,5,train/5/synthetic_window_00018_s0_d5.png,train/5/meter_20260416_s3_d5.png|train/2/meter_20260423_s2_d2.png|train/7/meter_20251009_s2_d7.png|train/2/meter_20260214_s0_d2.png,18,0,5272
composed,2,train/2/synthetic_window_00018_s1_d2.png,train/5/meter_20260416_s3_d5.png|train/2/meter_20260423_s2_d2.png|train/7/meter_20251009_s2_d7.png|train/2/meter_20260214_s0_d2.png,18,1,5272
composed,7,train/7/synthetic_window_00018_s2_d7.png,train/5/meter_20260416_s3_d5.png|train/2/meter_20260423_s2_d2.png|train/7/meter_20251009_s2_d7.png|train/2/meter_20260214_s0_d2.png,18,2,5272
composed,2,train/2/synthetic_window_00018_s3_d2.png,train/5/meter_20260416_s3_d5.png|train/2/meter_20260423_s2_d2.png|train/7/meter_20251009_s2_d7.png|train/2/meter_20260214_s0_d2.png,18,3,5272
composed,0,train/0/synthetic_window_00019_s0_d0.png,train/0/meter_20260210_s3_d0.png|train/6/meter_20260303_s3_d6.png|train/5/meter_20260227_s3_d5.png|train/0/meter_20260130_s2_d0.png,19,0,0650
composed,6,train/6/synthetic_window_00019_s1_d6.png,train/0/meter_20260210_s3_d0.png|train/6/meter_20260303_s3_d6.png|train/5/meter_20260227_s3_d5.png|train/0/meter_20260130_s2_d0.png,19,1,0650
composed,5,train/5/synthetic_window_00019_s2_d5.png,train/0/meter_20260210_s3_d0.png|train/6/meter_20260303_s3_d6.png|train/5/meter_20260227_s3_d5.png|train/0/meter_20260130_s2_d0.png,19,2,0650
composed,0,train/0/synthetic_window_00019_s3_d0.png,train/0/meter_20260210_s3_d0.png|train/6/meter_20260303_s3_d6.png|train/5/meter_20260227_s3_d5.png|train/0/meter_20260130_s2_d0.png,19,3,0650
composed,5,train/5/synthetic_window_00020_s0_d5.png,train/5/meter_20260227_s3_d5.png|train/4/meter_20260224_s3_d4.png|train/1/meter_20201111_s2_d1.png|train/0/meter_20260130_s2_d0.png,20,0,5410
composed,4,train/4/synthetic_window_00020_s1_d4.png,train/5/meter_20260227_s3_d5.png|train/4/meter_20260224_s3_d4.png|train/1/meter_20201111_s2_d1.png|train/0/meter_20260130_s2_d0.png,20,1,5410
composed,1,train/1/synthetic_window_00020_s2_d1.png,train/5/meter_20260227_s3_d5.png|train/4/meter_20260224_s3_d4.png|train/1/meter_20201111_s2_d1.png|train/0/meter_20260130_s2_d0.png,20,2,5410
composed,0,train/0/synthetic_window_00020_s3_d0.png,train/5/meter_20260227_s3_d5.png|train/4/meter_20260224_s3_d4.png|train/1/meter_20201111_s2_d1.png|train/0/meter_20260130_s2_d0.png,20,3,5410
composed,0,train/0/synthetic_window_00021_s0_d0.png,train/0/meter_20260507_s3_d0.png|train/9/meter_20201111_s3_d9.png|train/0/meter_20260323_s3_d0.png|train/7/meter_20260130_s3_d7.png,21,0,0907
composed,9,train/9/synthetic_window_00021_s1_d9.png,train/0/meter_20260507_s3_d0.png|train/9/meter_20201111_s3_d9.png|train/0/meter_20260323_s3_d0.png|train/7/meter_20260130_s3_d7.png,21,1,0907
composed,0,train/0/synthetic_window_00021_s2_d0.png,train/0/meter_20260507_s3_d0.png|train/9/meter_20201111_s3_d9.png|train/0/meter_20260323_s3_d0.png|train/7/meter_20260130_s3_d7.png,21,2,0907
composed,7,train/7/synthetic_window_00021_s3_d7.png,train/0/meter_20260507_s3_d0.png|train/9/meter_20201111_s3_d9.png|train/0/meter_20260323_s3_d0.png|train/7/meter_20260130_s3_d7.png,21,3,0907
composed,4,train/4/synthetic_window_00022_s0_d4.png,train/4/meter_20260413_s3_d4.png|train/9/meter_20251009_s3_d9.png|train/8/meter_20260427_s3_d8.png|train/6/meter_20260420_s3_d6.png,22,0,4986
composed,9,train/9/synthetic_window_00022_s1_d9.png,train/4/meter_20260413_s3_d4.png|train/9/meter_20251009_s3_d9.png|train/8/meter_20260427_s3_d8.png|train/6/meter_20260420_s3_d6.png,22,1,4986
composed,8,train/8/synthetic_window_00022_s2_d8.png,train/4/meter_20260413_s3_d4.png|train/9/meter_20251009_s3_d9.png|train/8/meter_20260427_s3_d8.png|train/6/meter_20260420_s3_d6.png,22,2,4986
composed,6,train/6/synthetic_window_00022_s3_d6.png,train/4/meter_20260413_s3_d4.png|train/9/meter_20251009_s3_d9.png|train/8/meter_20260427_s3_d8.png|train/6/meter_20260420_s3_d6.png,22,3,4986
composed,2,train/2/synthetic_window_00023_s0_d2.png,train/2/meter_20260303_s0_d2.png|train/8/meter_20201111_s1_d8.png|train/6/meter_20260303_s3_d6.png|train/7/meter_20200701_s1_d7.png,23,0,2867
composed,8,train/8/synthetic_window_00023_s1_d8.png,train/2/meter_20260303_s0_d2.png|train/8/meter_20201111_s1_d8.png|train/6/meter_20260303_s3_d6.png|train/7/meter_20200701_s1_d7.png,23,1,2867
composed,6,train/6/synthetic_window_00023_s2_d6.png,train/2/meter_20260303_s0_d2.png|train/8/meter_20201111_s1_d8.png|train/6/meter_20260303_s3_d6.png|train/7/meter_20200701_s1_d7.png,23,2,2867
composed,7,train/7/synthetic_window_00023_s3_d7.png,train/2/meter_20260303_s0_d2.png|train/8/meter_20201111_s1_d8.png|train/6/meter_20260303_s3_d6.png|train/7/meter_20200701_s1_d7.png,23,3,2867
composed,1,train/1/synthetic_window_00024_s0_d1.png,train/1/meter_20260224_s2_d1.png|train/6/meter_20260420_s3_d6.png|train/7/meter_20260130_s3_d7.png|train/1/meter_20260310_s2_d1.png,24,0,1671
composed,6,train/6/synthetic_window_00024_s1_d6.png,train/1/meter_20260224_s2_d1.png|train/6/meter_20260420_s3_d6.png|train/7/meter_20260130_s3_d7.png|train/1/meter_20260310_s2_d1.png,24,1,1671
composed,7,train/7/synthetic_window_00024_s2_d7.png,train/1/meter_20260224_s2_d1.png|train/6/meter_20260420_s3_d6.png|train/7/meter_20260130_s3_d7.png|train/1/meter_20260310_s2_d1.png,24,2,1671
composed,1,train/1/synthetic_window_00024_s3_d1.png,train/1/meter_20260224_s2_d1.png|train/6/meter_20260420_s3_d6.png|train/7/meter_20260130_s3_d7.png|train/1/meter_20260310_s2_d1.png,24,3,1671
composed,2,train/2/synthetic_window_00025_s0_d2.png,train/2/meter_20260303_s0_d2.png|train/3/meter_20260518_s3_d3.png|train/5/meter_20260524_s3_d5.png|train/3/meter_20260416_s1_d3.png,25,0,2353
composed,3,train/3/synthetic_window_00025_s1_d3.png,train/2/meter_20260303_s0_d2.png|train/3/meter_20260518_s3_d3.png|train/5/meter_20260524_s3_d5.png|train/3/meter_20260416_s1_d3.png,25,1,2353
composed,5,train/5/synthetic_window_00025_s2_d5.png,train/2/meter_20260303_s0_d2.png|train/3/meter_20260518_s3_d3.png|train/5/meter_20260524_s3_d5.png|train/3/meter_20260416_s1_d3.png,25,2,2353
composed,3,train/3/synthetic_window_00025_s3_d3.png,train/2/meter_20260303_s0_d2.png|train/3/meter_20260518_s3_d3.png|train/5/meter_20260524_s3_d5.png|train/3/meter_20260416_s1_d3.png,25,3,2353
composed,9,train/9/synthetic_window_00026_s0_d9.png,train/9/meter_20251009_s3_d9.png|train/8/meter_20260427_s3_d8.png|train/6/meter_20260303_s3_d6.png|train/9/meter_20251009_s3_d9.png,26,0,9869
composed,8,train/8/synthetic_window_00026_s1_d8.png,train/9/meter_20251009_s3_d9.png|train/8/meter_20260427_s3_d8.png|train/6/meter_20260303_s3_d6.png|train/9/meter_20251009_s3_d9.png,26,1,9869
composed,6,train/6/synthetic_window_00026_s2_d6.png,train/9/meter_20251009_s3_d9.png|train/8/meter_20260427_s3_d8.png|train/6/meter_20260303_s3_d6.png|train/9/meter_20251009_s3_d9.png,26,2,9869
composed,9,train/9/synthetic_window_00026_s3_d9.png,train/9/meter_20251009_s3_d9.png|train/8/meter_20260427_s3_d8.png|train/6/meter_20260303_s3_d6.png|train/9/meter_20251009_s3_d9.png,26,3,9869
composed,1,train/1/synthetic_window_00027_s0_d1.png,train/1/meter_20201111_s2_d1.png|train/8/meter_20201111_s1_d8.png|train/1/meter_20200701_s0_d1.png|train/6/meter_20260303_s3_d6.png,27,0,1816
composed,8,train/8/synthetic_window_00027_s1_d8.png,train/1/meter_20201111_s2_d1.png|train/8/meter_20201111_s1_d8.png|train/1/meter_20200701_s0_d1.png|train/6/meter_20260303_s3_d6.png,27,1,1816
composed,1,train/1/synthetic_window_00027_s2_d1.png,train/1/meter_20201111_s2_d1.png|train/8/meter_20201111_s1_d8.png|train/1/meter_20200701_s0_d1.png|train/6/meter_20260303_s3_d6.png,27,2,1816
composed,6,train/6/synthetic_window_00027_s3_d6.png,train/1/meter_20201111_s2_d1.png|train/8/meter_20201111_s1_d8.png|train/1/meter_20200701_s0_d1.png|train/6/meter_20260303_s3_d6.png,27,3,1816
composed,8,train/8/synthetic_window_00028_s0_d8.png,train/8/meter_20200701_s2_d8.png|train/6/meter_20260303_s3_d6.png|train/5/meter_20260227_s3_d5.png|train/7/meter_20251009_s2_d7.png,28,0,8657
composed,6,train/6/synthetic_window_00028_s1_d6.png,train/8/meter_20200701_s2_d8.png|train/6/meter_20260303_s3_d6.png|train/5/meter_20260227_s3_d5.png|train/7/meter_20251009_s2_d7.png,28,1,8657
composed,5,train/5/synthetic_window_00028_s2_d5.png,train/8/meter_20200701_s2_d8.png|train/6/meter_20260303_s3_d6.png|train/5/meter_20260227_s3_d5.png|train/7/meter_20251009_s2_d7.png,28,2,8657
composed,7,train/7/synthetic_window_00028_s3_d7.png,train/8/meter_20200701_s2_d8.png|train/6/meter_20260303_s3_d6.png|train/5/meter_20260227_s3_d5.png|train/7/meter_20251009_s2_d7.png,28,3,8657
composed,7,train/7/synthetic_window_00029_s0_d7.png,train/7/meter_20251009_s2_d7.png|train/4/meter_20260224_s3_d4.png|train/2/meter_20260401_s3_d2.png|train/7/meter_20251009_s2_d7.png,29,0,7427
composed,4,train/4/synthetic_window_00029_s1_d4.png,train/7/meter_20251009_s2_d7.png|train/4/meter_20260224_s3_d4.png|train/2/meter_20260401_s3_d2.png|train/7/meter_20251009_s2_d7.png,29,1,7427
composed,2,train/2/synthetic_window_00029_s2_d2.png,train/7/meter_20251009_s2_d7.png|train/4/meter_20260224_s3_d4.png|train/2/meter_20260401_s3_d2.png|train/7/meter_20251009_s2_d7.png,29,2,7427
composed,7,train/7/synthetic_window_00029_s3_d7.png,train/7/meter_20251009_s2_d7.png|train/4/meter_20260224_s3_d4.png|train/2/meter_20260401_s3_d2.png|train/7/meter_20251009_s2_d7.png,29,3,7427
composed,3,train/3/synthetic_window_00030_s0_d3.png,train/3/meter_20260401_s1_d3.png|train/0/meter_20260130_s2_d0.png|train/2/meter_20260401_s2_d2.png|train/6/meter_20260303_s3_d6.png,30,0,3026
composed,0,train/0/synthetic_window_00030_s1_d0.png,train/3/meter_20260401_s1_d3.png|train/0/meter_20260130_s2_d0.png|train/2/meter_20260401_s2_d2.png|train/6/meter_20260303_s3_d6.png,30,1,3026
composed,2,train/2/synthetic_window_00030_s2_d2.png,train/3/meter_20260401_s1_d3.png|train/0/meter_20260130_s2_d0.png|train/2/meter_20260401_s2_d2.png|train/6/meter_20260303_s3_d6.png,30,2,3026
composed,6,train/6/synthetic_window_00030_s3_d6.png,train/3/meter_20260401_s1_d3.png|train/0/meter_20260130_s2_d0.png|train/2/meter_20260401_s2_d2.png|train/6/meter_20260303_s3_d6.png,30,3,3026
composed,0,train/0/synthetic_window_00031_s0_d0.png,train/0/meter_20260130_s2_d0.png|train/9/meter_20251009_s3_d9.png|train/4/meter_20260413_s3_d4.png|train/3/meter_20260515_s2_d3.png,31,0,0943
composed,9,train/9/synthetic_window_00031_s1_d9.png,train/0/meter_20260130_s2_d0.png|train/9/meter_20251009_s3_d9.png|train/4/meter_20260413_s3_d4.png|train/3/meter_20260515_s2_d3.png,31,1,0943
composed,4,train/4/synthetic_window_00031_s2_d4.png,train/0/meter_20260130_s2_d0.png|train/9/meter_20251009_s3_d9.png|train/4/meter_20260413_s3_d4.png|train/3/meter_20260515_s2_d3.png,31,2,0943
composed,3,train/3/synthetic_window_00031_s3_d3.png,train/0/meter_20260130_s2_d0.png|train/9/meter_20251009_s3_d9.png|train/4/meter_20260413_s3_d4.png|train/3/meter_20260515_s2_d3.png,31,3,0943
composed,0,train/0/synthetic_window_00032_s0_d0.png,train/0/meter_20260130_s2_d0.png|train/4/meter_20260521_s3_d4.png|train/5/meter_20260524_s3_d5.png|train/9/meter_20201111_s3_d9.png,32,0,0459
composed,4,train/4/synthetic_window_00032_s1_d4.png,train/0/meter_20260130_s2_d0.png|train/4/meter_20260521_s3_d4.png|train/5/meter_20260524_s3_d5.png|train/9/meter_20201111_s3_d9.png,32,1,0459
composed,5,train/5/synthetic_window_00032_s2_d5.png,train/0/meter_20260130_s2_d0.png|train/4/meter_20260521_s3_d4.png|train/5/meter_20260524_s3_d5.png|train/9/meter_20201111_s3_d9.png,32,2,0459
composed,9,train/9/synthetic_window_00032_s3_d9.png,train/0/meter_20260130_s2_d0.png|train/4/meter_20260521_s3_d4.png|train/5/meter_20260524_s3_d5.png|train/9/meter_20201111_s3_d9.png,32,3,0459
composed,2,train/2/synthetic_window_00033_s0_d2.png,train/2/meter_20260323_s0_d2.png|train/4/meter_20260224_s3_d4.png|train/1/meter_20260214_s3_d1.png|train/8/meter_20260310_s3_d8.png,33,0,2418
composed,4,train/4/synthetic_window_00033_s1_d4.png,train/2/meter_20260323_s0_d2.png|train/4/meter_20260224_s3_d4.png|train/1/meter_20260214_s3_d1.png|train/8/meter_20260310_s3_d8.png,33,1,2418
composed,1,train/1/synthetic_window_00033_s2_d1.png,train/2/meter_20260323_s0_d2.png|train/4/meter_20260224_s3_d4.png|train/1/meter_20260214_s3_d1.png|train/8/meter_20260310_s3_d8.png,33,2,2418
composed,8,train/8/synthetic_window_00033_s3_d8.png,train/2/meter_20260323_s0_d2.png|train/4/meter_20260224_s3_d4.png|train/1/meter_20260214_s3_d1.png|train/8/meter_20260310_s3_d8.png,33,3,2418
composed,6,train/6/synthetic_window_00034_s0_d6.png,train/6/meter_20260303_s3_d6.png|train/1/meter_20260224_s2_d1.png|train/2/meter_20260427_s0_d2.png|train/3/meter_20260216_s1_d3.png,34,0,6123
composed,1,train/1/synthetic_window_00034_s1_d1.png,train/6/meter_20260303_s3_d6.png|train/1/meter_20260224_s2_d1.png|train/2/meter_20260427_s0_d2.png|train/3/meter_20260216_s1_d3.png,34,1,6123
composed,2,train/2/synthetic_window_00034_s2_d2.png,train/6/meter_20260303_s3_d6.png|train/1/meter_20260224_s2_d1.png|train/2/meter_20260427_s0_d2.png|train/3/meter_20260216_s1_d3.png,34,2,6123
composed,3,train/3/synthetic_window_00034_s3_d3.png,train/6/meter_20260303_s3_d6.png|train/1/meter_20260224_s2_d1.png|train/2/meter_20260427_s0_d2.png|train/3/meter_20260216_s1_d3.png,34,3,6123
composed,5,train/5/synthetic_window_00035_s0_d5.png,train/5/meter_20260524_s3_d5.png|train/8/meter_20200701_s2_d8.png|train/8/meter_20260427_s3_d8.png|train/4/meter_20260413_s3_d4.png,35,0,5884
composed,8,train/8/synthetic_window_00035_s1_d8.png,train/5/meter_20260524_s3_d5.png|train/8/meter_20200701_s2_d8.png|train/8/meter_20260427_s3_d8.png|train/4/meter_20260413_s3_d4.png,35,1,5884
composed,8,train/8/synthetic_window_00035_s2_d8.png,train/5/meter_20260524_s3_d5.png|train/8/meter_20200701_s2_d8.png|train/8/meter_20260427_s3_d8.png|train/4/meter_20260413_s3_d4.png,35,2,5884
composed,4,train/4/synthetic_window_00035_s3_d4.png,train/5/meter_20260524_s3_d5.png|train/8/meter_20200701_s2_d8.png|train/8/meter_20260427_s3_d8.png|train/4/meter_20260413_s3_d4.png,35,3,5884
composed,6,train/6/synthetic_window_00036_s0_d6.png,train/6/meter_20260420_s3_d6.png|train/9/meter_20201111_s3_d9.png|train/3/meter_20260416_s1_d3.png|train/8/meter_20200701_s2_d8.png,36,0,6938
composed,9,train/9/synthetic_window_00036_s1_d9.png,train/6/meter_20260420_s3_d6.png|train/9/meter_20201111_s3_d9.png|train/3/meter_20260416_s1_d3.png|train/8/meter_20200701_s2_d8.png,36,1,6938
composed,3,train/3/synthetic_window_00036_s2_d3.png,train/6/meter_20260420_s3_d6.png|train/9/meter_20201111_s3_d9.png|train/3/meter_20260416_s1_d3.png|train/8/meter_20200701_s2_d8.png,36,2,6938
composed,8,train/8/synthetic_window_00036_s3_d8.png,train/6/meter_20260420_s3_d6.png|train/9/meter_20201111_s3_d9.png|train/3/meter_20260416_s1_d3.png|train/8/meter_20200701_s2_d8.png,36,3,6938
composed,4,train/4/synthetic_window_00037_s0_d4.png,train/4/meter_20260224_s3_d4.png|train/5/meter_20260416_s3_d5.png|train/7/meter_20260307_s3_d7.png|train/0/meter_20260130_s2_d0.png,37,0,4570
composed,5,train/5/synthetic_window_00037_s1_d5.png,train/4/meter_20260224_s3_d4.png|train/5/meter_20260416_s3_d5.png|train/7/meter_20260307_s3_d7.png|train/0/meter_20260130_s2_d0.png,37,1,4570
composed,7,train/7/synthetic_window_00037_s2_d7.png,train/4/meter_20260224_s3_d4.png|train/5/meter_20260416_s3_d5.png|train/7/meter_20260307_s3_d7.png|train/0/meter_20260130_s2_d0.png,37,2,4570
composed,0,train/0/synthetic_window_00037_s3_d0.png,train/4/meter_20260224_s3_d4.png|train/5/meter_20260416_s3_d5.png|train/7/meter_20260307_s3_d7.png|train/0/meter_20260130_s2_d0.png,37,3,4570
composed,7,train/7/synthetic_window_00038_s0_d7.png,train/7/meter_20200701_s1_d7.png|train/1/meter_20200701_s0_d1.png|train/7/meter_20260130_s3_d7.png|train/9/meter_20201111_s3_d9.png,38,0,7179
composed,1,train/1/synthetic_window_00038_s1_d1.png,train/7/meter_20200701_s1_d7.png|train/1/meter_20200701_s0_d1.png|train/7/meter_20260130_s3_d7.png|train/9/meter_20201111_s3_d9.png,38,1,7179
composed,7,train/7/synthetic_window_00038_s2_d7.png,train/7/meter_20200701_s1_d7.png|train/1/meter_20200701_s0_d1.png|train/7/meter_20260130_s3_d7.png|train/9/meter_20201111_s3_d9.png,38,2,7179
composed,9,train/9/synthetic_window_00038_s3_d9.png,train/7/meter_20200701_s1_d7.png|train/1/meter_20200701_s0_d1.png|train/7/meter_20260130_s3_d7.png|train/9/meter_20201111_s3_d9.png,38,3,7179
composed,7,train/7/synthetic_window_00039_s0_d7.png,train/7/meter_20200701_s1_d7.png|train/4/meter_20260521_s3_d4.png|train/2/meter_20260216_s3_d2.png|train/1/meter_20201111_s0_d1.png,39,0,7421
composed,4,train/4/synthetic_window_00039_s1_d4.png,train/7/meter_20200701_s1_d7.png|train/4/meter_20260521_s3_d4.png|train/2/meter_20260216_s3_d2.png|train/1/meter_20201111_s0_d1.png,39,1,7421
composed,2,train/2/synthetic_window_00039_s2_d2.png,train/7/meter_20200701_s1_d7.png|train/4/meter_20260521_s3_d4.png|train/2/meter_20260216_s3_d2.png|train/1/meter_20201111_s0_d1.png,39,2,7421
composed,1,train/1/synthetic_window_00039_s3_d1.png,train/7/meter_20200701_s1_d7.png|train/4/meter_20260521_s3_d4.png|train/2/meter_20260216_s3_d2.png|train/1/meter_20201111_s0_d1.png,39,3,7421
composed,0,train/0/synthetic_window_00040_s0_d0.png,train/0/meter_20260210_s3_d0.png|train/7/meter_20251009_s2_d7.png|train/9/meter_20251009_s3_d9.png|train/5/meter_20260524_s3_d5.png,40,0,0795
composed,7,train/7/synthetic_window_00040_s1_d7.png,train/0/meter_20260210_s3_d0.png|train/7/meter_20251009_s2_d7.png|train/9/meter_20251009_s3_d9.png|train/5/meter_20260524_s3_d5.png,40,1,0795
composed,9,train/9/synthetic_window_00040_s2_d9.png,train/0/meter_20260210_s3_d0.png|train/7/meter_20251009_s2_d7.png|train/9/meter_20251009_s3_d9.png|train/5/meter_20260524_s3_d5.png,40,2,0795
composed,5,train/5/synthetic_window_00040_s3_d5.png,train/0/meter_20260210_s3_d0.png|train/7/meter_20251009_s2_d7.png|train/9/meter_20251009_s3_d9.png|train/5/meter_20260524_s3_d5.png,40,3,0795
composed,4,train/4/synthetic_window_00041_s0_d4.png,train/4/meter_20200701_s3_d4.png|train/7/meter_20251009_s2_d7.png|train/3/meter_20260515_s1_d3.png|train/1/meter_20260512_s3_d1.png,41,0,4731
composed,7,train/7/synthetic_window_00041_s1_d7.png,train/4/meter_20200701_s3_d4.png|train/7/meter_20251009_s2_d7.png|train/3/meter_20260515_s1_d3.png|train/1/meter_20260512_s3_d1.png,41,1,4731
composed,3,train/3/synthetic_window_00041_s2_d3.png,train/4/meter_20200701_s3_d4.png|train/7/meter_20251009_s2_d7.png|train/3/meter_20260515_s1_d3.png|train/1/meter_20260512_s3_d1.png,41,2,4731
composed,1,train/1/synthetic_window_00041_s3_d1.png,train/4/meter_20200701_s3_d4.png|train/7/meter_20251009_s2_d7.png|train/3/meter_20260515_s1_d3.png|train/1/meter_20260512_s3_d1.png,41,3,4731
composed,0,train/0/synthetic_window_00042_s0_d0.png,train/0/meter_20260323_s3_d0.png|train/9/meter_20251009_s3_d9.png|train/5/meter_20260524_s3_d5.png|train/6/meter_20260420_s3_d6.png,42,0,0956
composed,9,train/9/synthetic_window_00042_s1_d9.png,train/0/meter_20260323_s3_d0.png|train/9/meter_20251009_s3_d9.png|train/5/meter_20260524_s3_d5.png|train/6/meter_20260420_s3_d6.png,42,1,0956
composed,5,train/5/synthetic_window_00042_s2_d5.png,train/0/meter_20260323_s3_d0.png|train/9/meter_20251009_s3_d9.png|train/5/meter_20260524_s3_d5.png|train/6/meter_20260420_s3_d6.png,42,2,0956
composed,6,train/6/synthetic_window_00042_s3_d6.png,train/0/meter_20260323_s3_d0.png|train/9/meter_20251009_s3_d9.png|train/5/meter_20260524_s3_d5.png|train/6/meter_20260420_s3_d6.png,42,3,0956
composed,3,train/3/synthetic_window_00043_s0_d3.png,train/3/meter_20260216_s1_d3.png|train/2/meter_20260507_s0_d2.png|train/1/meter_20201111_s0_d1.png|train/3/meter_20260518_s3_d3.png,43,0,3213
composed,2,train/2/synthetic_window_00043_s1_d2.png,train/3/meter_20260216_s1_d3.png|train/2/meter_20260507_s0_d2.png|train/1/meter_20201111_s0_d1.png|train/3/meter_20260518_s3_d3.png,43,1,3213
composed,1,train/1/synthetic_window_00043_s2_d1.png,train/3/meter_20260216_s1_d3.png|train/2/meter_20260507_s0_d2.png|train/1/meter_20201111_s0_d1.png|train/3/meter_20260518_s3_d3.png,43,2,3213
composed,3,train/3/synthetic_window_00043_s3_d3.png,train/3/meter_20260216_s1_d3.png|train/2/meter_20260507_s0_d2.png|train/1/meter_20201111_s0_d1.png|train/3/meter_20260518_s3_d3.png,43,3,3213
composed,1,train/1/synthetic_window_00044_s0_d1.png,train/1/meter_20260214_s3_d1.png|train/9/meter_20201111_s3_d9.png|train/8/meter_20200701_s2_d8.png|train/7/meter_20260307_s3_d7.png,44,0,1987
composed,9,train/9/synthetic_window_00044_s1_d9.png,train/1/meter_20260214_s3_d1.png|train/9/meter_20201111_s3_d9.png|train/8/meter_20200701_s2_d8.png|train/7/meter_20260307_s3_d7.png,44,1,1987
composed,8,train/8/synthetic_window_00044_s2_d8.png,train/1/meter_20260214_s3_d1.png|train/9/meter_20201111_s3_d9.png|train/8/meter_20200701_s2_d8.png|train/7/meter_20260307_s3_d7.png,44,2,1987
composed,7,train/7/synthetic_window_00044_s3_d7.png,train/1/meter_20260214_s3_d1.png|train/9/meter_20201111_s3_d9.png|train/8/meter_20200701_s2_d8.png|train/7/meter_20260307_s3_d7.png,44,3,1987
composed,0,train/0/synthetic_window_00045_s0_d0.png,train/0/meter_20260130_s2_d0.png|train/0/meter_20260323_s3_d0.png|train/4/meter_20260224_s3_d4.png|train/8/meter_20260202_s3_d8.png,45,0,0048
composed,0,train/0/synthetic_window_00045_s1_d0.png,train/0/meter_20260130_s2_d0.png|train/0/meter_20260323_s3_d0.png|train/4/meter_20260224_s3_d4.png|train/8/meter_20260202_s3_d8.png,45,1,0048
composed,4,train/4/synthetic_window_00045_s2_d4.png,train/0/meter_20260130_s2_d0.png|train/0/meter_20260323_s3_d0.png|train/4/meter_20260224_s3_d4.png|train/8/meter_20260202_s3_d8.png,45,2,0048
composed,8,train/8/synthetic_window_00045_s3_d8.png,train/0/meter_20260130_s2_d0.png|train/0/meter_20260323_s3_d0.png|train/4/meter_20260224_s3_d4.png|train/8/meter_20260202_s3_d8.png,45,3,0048
composed,0,train/0/synthetic_window_00046_s0_d0.png,train/0/meter_20260210_s3_d0.png|train/6/meter_20260303_s3_d6.png|train/7/meter_20251009_s2_d7.png|train/9/meter_20251009_s3_d9.png,46,0,0679
composed,6,train/6/synthetic_window_00046_s1_d6.png,train/0/meter_20260210_s3_d0.png|train/6/meter_20260303_s3_d6.png|train/7/meter_20251009_s2_d7.png|train/9/meter_20251009_s3_d9.png,46,1,0679
composed,7,train/7/synthetic_window_00046_s2_d7.png,train/0/meter_20260210_s3_d0.png|train/6/meter_20260303_s3_d6.png|train/7/meter_20251009_s2_d7.png|train/9/meter_20251009_s3_d9.png,46,2,0679
composed,9,train/9/synthetic_window_00046_s3_d9.png,train/0/meter_20260210_s3_d0.png|train/6/meter_20260303_s3_d6.png|train/7/meter_20251009_s2_d7.png|train/9/meter_20251009_s3_d9.png,46,3,0679
composed,1,train/1/synthetic_window_00047_s0_d1.png,train/1/meter_20260214_s2_d1.png|train/0/meter_20260507_s3_d0.png|train/5/meter_20260524_s3_d5.png|train/7/meter_20260130_s3_d7.png,47,0,1057
composed,0,train/0/synthetic_window_00047_s1_d0.png,train/1/meter_20260214_s2_d1.png|train/0/meter_20260507_s3_d0.png|train/5/meter_20260524_s3_d5.png|train/7/meter_20260130_s3_d7.png,47,1,1057
composed,5,train/5/synthetic_window_00047_s2_d5.png,train/1/meter_20260214_s2_d1.png|train/0/meter_20260507_s3_d0.png|train/5/meter_20260524_s3_d5.png|train/7/meter_20260130_s3_d7.png,47,2,1057
composed,7,train/7/synthetic_window_00047_s3_d7.png,train/1/meter_20260214_s2_d1.png|train/0/meter_20260507_s3_d0.png|train/5/meter_20260524_s3_d5.png|train/7/meter_20260130_s3_d7.png,47,3,1057
composed,2,train/2/synthetic_window_00048_s0_d2.png,train/2/meter_20260227_s0_d2.png|train/7/meter_20260307_s3_d7.png|train/5/meter_20260227_s3_d5.png|train/1/meter_20260216_s2_d1.png,48,0,2751
composed,7,train/7/synthetic_window_00048_s1_d7.png,train/2/meter_20260227_s0_d2.png|train/7/meter_20260307_s3_d7.png|train/5/meter_20260227_s3_d5.png|train/1/meter_20260216_s2_d1.png,48,1,2751
composed,5,train/5/synthetic_window_00048_s2_d5.png,train/2/meter_20260227_s0_d2.png|train/7/meter_20260307_s3_d7.png|train/5/meter_20260227_s3_d5.png|train/1/meter_20260216_s2_d1.png,48,2,2751
composed,1,train/1/synthetic_window_00048_s3_d1.png,train/2/meter_20260227_s0_d2.png|train/7/meter_20260307_s3_d7.png|train/5/meter_20260227_s3_d5.png|train/1/meter_20260216_s2_d1.png,48,3,2751
composed,2,train/2/synthetic_window_00049_s0_d2.png,train/2/meter_20260413_s0_d2.png|train/6/meter_20260420_s3_d6.png|train/9/meter_20251009_s3_d9.png|train/0/meter_20260507_s3_d0.png,49,0,2690
composed,6,train/6/synthetic_window_00049_s1_d6.png,train/2/meter_20260413_s0_d2.png|train/6/meter_20260420_s3_d6.png|train/9/meter_20251009_s3_d9.png|train/0/meter_20260507_s3_d0.png,49,1,2690
composed,9,train/9/synthetic_window_00049_s2_d9.png,train/2/meter_20260413_s0_d2.png|train/6/meter_20260420_s3_d6.png|train/9/meter_20251009_s3_d9.png|train/0/meter_20260507_s3_d0.png,49,2,2690
composed,0,train/0/synthetic_window_00049_s3_d0.png,train/2/meter_20260413_s0_d2.png|train/6/meter_20260420_s3_d6.png|train/9/meter_20251009_s3_d9.png|train/0/meter_20260507_s3_d0.png,49,3,2690
composed,8,train/8/synthetic_window_00050_s0_d8.png,train/8/meter_20260202_s3_d8.png|train/5/meter_20260227_s3_d5.png|train/4/meter_20260224_s3_d4.png|train/3/meter_20260220_s1_d3.png,50,0,8543
composed,5,train/5/synthetic_window_00050_s1_d5.png,train/8/meter_20260202_s3_d8.png|train/5/meter_20260227_s3_d5.png|train/4/meter_20260224_s3_d4.png|train/3/meter_20260220_s1_d3.png,50,1,8543
composed,4,train/4/synthetic_window_00050_s2_d4.png,train/8/meter_20260202_s3_d8.png|train/5/meter_20260227_s3_d5.png|train/4/meter_20260224_s3_d4.png|train/3/meter_20260220_s1_d3.png,50,2,8543
composed,3,train/3/synthetic_window_00050_s3_d3.png,train/8/meter_20260202_s3_d8.png|train/5/meter_20260227_s3_d5.png|train/4/meter_20260224_s3_d4.png|train/3/meter_20260220_s1_d3.png,50,3,8543
composed,1,train/1/synthetic_window_00051_s0_d1.png,train/1/meter_20260210_s2_d1.png|train/8/meter_20260427_s3_d8.png|train/5/meter_20260416_s3_d5.png|train/3/meter_20260310_s1_d3.png,51,0,1853
composed,8,train/8/synthetic_window_00051_s1_d8.png,train/1/meter_20260210_s2_d1.png|train/8/meter_20260427_s3_d8.png|train/5/meter_20260416_s3_d5.png|train/3/meter_20260310_s1_d3.png,51,1,1853
composed,5,train/5/synthetic_window_00051_s2_d5.png,train/1/meter_20260210_s2_d1.png|train/8/meter_20260427_s3_d8.png|train/5/meter_20260416_s3_d5.png|train/3/meter_20260310_s1_d3.png,51,2,1853
composed,3,train/3/synthetic_window_00051_s3_d3.png,train/1/meter_20260210_s2_d1.png|train/8/meter_20260427_s3_d8.png|train/5/meter_20260416_s3_d5.png|train/3/meter_20260310_s1_d3.png,51,3,1853
composed,5,train/5/synthetic_window_00052_s0_d5.png,train/5/meter_20260416_s3_d5.png|train/1/meter_20260512_s3_d1.png|train/3/meter_20260507_s2_d3.png|train/7/meter_20260307_s3_d7.png,52,0,5137
composed,1,train/1/synthetic_window_00052_s1_d1.png,train/5/meter_20260416_s3_d5.png|train/1/meter_20260512_s3_d1.png|train/3/meter_20260507_s2_d3.png|train/7/meter_20260307_s3_d7.png,52,1,5137
composed,3,train/3/synthetic_window_00052_s2_d3.png,train/5/meter_20260416_s3_d5.png|train/1/meter_20260512_s3_d1.png|train/3/meter_20260507_s2_d3.png|train/7/meter_20260307_s3_d7.png,52,2,5137
composed,7,train/7/synthetic_window_00052_s3_d7.png,train/5/meter_20260416_s3_d5.png|train/1/meter_20260512_s3_d1.png|train/3/meter_20260507_s2_d3.png|train/7/meter_20260307_s3_d7.png,52,3,5137
composed,1,train/1/synthetic_window_00053_s0_d1.png,train/1/meter_20200701_s0_d1.png|train/7/meter_20260307_s3_d7.png|train/9/meter_20201111_s3_d9.png|train/1/meter_20200701_s0_d1.png,53,0,1791
composed,7,train/7/synthetic_window_00053_s1_d7.png,train/1/meter_20200701_s0_d1.png|train/7/meter_20260307_s3_d7.png|train/9/meter_20201111_s3_d9.png|train/1/meter_20200701_s0_d1.png,53,1,1791
composed,9,train/9/synthetic_window_00053_s2_d9.png,train/1/meter_20200701_s0_d1.png|train/7/meter_20260307_s3_d7.png|train/9/meter_20201111_s3_d9.png|train/1/meter_20200701_s0_d1.png,53,2,1791
composed,1,train/1/synthetic_window_00053_s3_d1.png,train/1/meter_20200701_s0_d1.png|train/7/meter_20260307_s3_d7.png|train/9/meter_20201111_s3_d9.png|train/1/meter_20200701_s0_d1.png,53,3,1791
composed,3,train/3/synthetic_window_00054_s0_d3.png,train/3/meter_20260220_s3_d3.png|train/0/meter_20260210_s3_d0.png|train/3/meter_20260515_s1_d3.png|train/7/meter_20200701_s1_d7.png,54,0,3037
composed,0,train/0/synthetic_window_00054_s1_d0.png,train/3/meter_20260220_s3_d3.png|train/0/meter_20260210_s3_d0.png|train/3/meter_20260515_s1_d3.png|train/7/meter_20200701_s1_d7.png,54,1,3037
composed,3,train/3/synthetic_window_00054_s2_d3.png,train/3/meter_20260220_s3_d3.png|train/0/meter_20260210_s3_d0.png|train/3/meter_20260515_s1_d3.png|train/7/meter_20200701_s1_d7.png,54,2,3037
composed,7,train/7/synthetic_window_00054_s3_d7.png,train/3/meter_20260220_s3_d3.png|train/0/meter_20260210_s3_d0.png|train/3/meter_20260515_s1_d3.png|train/7/meter_20200701_s1_d7.png,54,3,3037
composed,7,train/7/synthetic_window_00055_s0_d7.png,train/7/meter_20200701_s1_d7.png|train/2/meter_20260303_s0_d2.png|train/7/meter_20200701_s1_d7.png|train/9/meter_20201111_s3_d9.png,55,0,7279
composed,2,train/2/synthetic_window_00055_s1_d2.png,train/7/meter_20200701_s1_d7.png|train/2/meter_20260303_s0_d2.png|train/7/meter_20200701_s1_d7.png|train/9/meter_20201111_s3_d9.png,55,1,7279
composed,7,train/7/synthetic_window_00055_s2_d7.png,train/7/meter_20200701_s1_d7.png|train/2/meter_20260303_s0_d2.png|train/7/meter_20200701_s1_d7.png|train/9/meter_20201111_s3_d9.png,55,2,7279
composed,9,train/9/synthetic_window_00055_s3_d9.png,train/7/meter_20200701_s1_d7.png|train/2/meter_20260303_s0_d2.png|train/7/meter_20200701_s1_d7.png|train/9/meter_20201111_s3_d9.png,55,3,7279
composed,1,train/1/synthetic_window_00056_s0_d1.png,train/1/meter_20260216_s2_d1.png|train/4/meter_20200701_s3_d4.png|train/4/meter_20200701_s3_d4.png|train/3/meter_20260507_s1_d3.png,56,0,1443
composed,4,train/4/synthetic_window_00056_s1_d4.png,train/1/meter_20260216_s2_d1.png|train/4/meter_20200701_s3_d4.png|train/4/meter_20200701_s3_d4.png|train/3/meter_20260507_s1_d3.png,56,1,1443
composed,4,train/4/synthetic_window_00056_s2_d4.png,train/1/meter_20260216_s2_d1.png|train/4/meter_20200701_s3_d4.png|train/4/meter_20200701_s3_d4.png|train/3/meter_20260507_s1_d3.png,56,2,1443
composed,3,train/3/synthetic_window_00056_s3_d3.png,train/1/meter_20260216_s2_d1.png|train/4/meter_20200701_s3_d4.png|train/4/meter_20200701_s3_d4.png|train/3/meter_20260507_s1_d3.png,56,3,1443
composed,9,train/9/synthetic_window_00057_s0_d9.png,train/9/meter_20251009_s3_d9.png|train/6/meter_20260420_s3_d6.png|train/7/meter_20260307_s3_d7.png|train/2/meter_20260512_s0_d2.png,57,0,9672
composed,6,train/6/synthetic_window_00057_s1_d6.png,train/9/meter_20251009_s3_d9.png|train/6/meter_20260420_s3_d6.png|train/7/meter_20260307_s3_d7.png|train/2/meter_20260512_s0_d2.png,57,1,9672
composed,7,train/7/synthetic_window_00057_s2_d7.png,train/9/meter_20251009_s3_d9.png|train/6/meter_20260420_s3_d6.png|train/7/meter_20260307_s3_d7.png|train/2/meter_20260512_s0_d2.png,57,2,9672
composed,2,train/2/synthetic_window_00057_s3_d2.png,train/9/meter_20251009_s3_d9.png|train/6/meter_20260420_s3_d6.png|train/7/meter_20260307_s3_d7.png|train/2/meter_20260512_s0_d2.png,57,3,9672
composed,9,train/9/synthetic_window_00058_s0_d9.png,train/9/meter_20251009_s3_d9.png|train/7/meter_20251009_s2_d7.png|train/2/meter_20260227_s0_d2.png|train/9/meter_20251009_s3_d9.png,58,0,9729
composed,7,train/7/synthetic_window_00058_s1_d7.png,train/9/meter_20251009_s3_d9.png|train/7/meter_20251009_s2_d7.png|train/2/meter_20260227_s0_d2.png|train/9/meter_20251009_s3_d9.png,58,1,9729
composed,2,train/2/synthetic_window_00058_s2_d2.png,train/9/meter_20251009_s3_d9.png|train/7/meter_20251009_s2_d7.png|train/2/meter_20260227_s0_d2.png|train/9/meter_20251009_s3_d9.png,58,2,9729
composed,9,train/9/synthetic_window_00058_s3_d9.png,train/9/meter_20251009_s3_d9.png|train/7/meter_20251009_s2_d7.png|train/2/meter_20260227_s0_d2.png|train/9/meter_20251009_s3_d9.png,58,3,9729
composed,2,train/2/synthetic_window_00059_s0_d2.png,train/2/meter_20260409_s2_d2.png|train/4/meter_20200701_s3_d4.png|train/9/meter_20251009_s3_d9.png|train/9/meter_20201111_s3_d9.png,59,0,2499
composed,4,train/4/synthetic_window_00059_s1_d4.png,train/2/meter_20260409_s2_d2.png|train/4/meter_20200701_s3_d4.png|train/9/meter_20251009_s3_d9.png|train/9/meter_20201111_s3_d9.png,59,1,2499
composed,9,train/9/synthetic_window_00059_s2_d9.png,train/2/meter_20260409_s2_d2.png|train/4/meter_20200701_s3_d4.png|train/9/meter_20251009_s3_d9.png|train/9/meter_20201111_s3_d9.png,59,2,2499
composed,9,train/9/synthetic_window_00059_s3_d9.png,train/2/meter_20260409_s2_d2.png|train/4/meter_20200701_s3_d4.png|train/9/meter_20251009_s3_d9.png|train/9/meter_20201111_s3_d9.png,59,3,2499
composed,3,train/3/synthetic_window_00060_s0_d3.png,train/3/meter_20260323_s1_d3.png|train/2/meter_20260227_s0_d2.png|train/8/meter_20260427_s3_d8.png|train/0/meter_20260507_s3_d0.png,60,0,3280
composed,2,train/2/synthetic_window_00060_s1_d2.png,train/3/meter_20260323_s1_d3.png|train/2/meter_20260227_s0_d2.png|train/8/meter_20260427_s3_d8.png|train/0/meter_20260507_s3_d0.png,60,1,3280
composed,8,train/8/synthetic_window_00060_s2_d8.png,train/3/meter_20260323_s1_d3.png|train/2/meter_20260227_s0_d2.png|train/8/meter_20260427_s3_d8.png|train/0/meter_20260507_s3_d0.png,60,2,3280
composed,0,train/0/synthetic_window_00060_s3_d0.png,train/3/meter_20260323_s1_d3.png|train/2/meter_20260227_s0_d2.png|train/8/meter_20260427_s3_d8.png|train/0/meter_20260507_s3_d0.png,60,3,3280
composed,6,train/6/synthetic_window_00061_s0_d6.png,train/6/meter_20260303_s3_d6.png|train/0/meter_20260130_s2_d0.png|train/4/meter_20260521_s3_d4.png|train/2/meter_20260323_s0_d2.png,61,0,6042
composed,0,train/0/synthetic_window_00061_s1_d0.png,train/6/meter_20260303_s3_d6.png|train/0/meter_20260130_s2_d0.png|train/4/meter_20260521_s3_d4.png|train/2/meter_20260323_s0_d2.png,61,1,6042
composed,4,train/4/synthetic_window_00061_s2_d4.png,train/6/meter_20260303_s3_d6.png|train/0/meter_20260130_s2_d0.png|train/4/meter_20260521_s3_d4.png|train/2/meter_20260323_s0_d2.png,61,2,6042
composed,2,train/2/synthetic_window_00061_s3_d2.png,train/6/meter_20260303_s3_d6.png|train/0/meter_20260130_s2_d0.png|train/4/meter_20260521_s3_d4.png|train/2/meter_20260323_s0_d2.png,61,3,6042
composed,1,train/1/synthetic_window_00062_s0_d1.png,train/1/meter_20200701_s0_d1.png|train/0/meter_20260323_s3_d0.png|train/0/meter_20260323_s3_d0.png|train/8/meter_20201111_s1_d8.png,62,0,1008
composed,0,train/0/synthetic_window_00062_s1_d0.png,train/1/meter_20200701_s0_d1.png|train/0/meter_20260323_s3_d0.png|train/0/meter_20260323_s3_d0.png|train/8/meter_20201111_s1_d8.png,62,1,1008
composed,0,train/0/synthetic_window_00062_s2_d0.png,train/1/meter_20200701_s0_d1.png|train/0/meter_20260323_s3_d0.png|train/0/meter_20260323_s3_d0.png|train/8/meter_20201111_s1_d8.png,62,2,1008
composed,8,train/8/synthetic_window_00062_s3_d8.png,train/1/meter_20200701_s0_d1.png|train/0/meter_20260323_s3_d0.png|train/0/meter_20260323_s3_d0.png|train/8/meter_20201111_s1_d8.png,62,3,1008
composed,2,train/2/synthetic_window_00063_s0_d2.png,train/2/meter_20260416_s2_d2.png|train/7/meter_20260307_s3_d7.png|train/8/meter_20200701_s2_d8.png|train/6/meter_20260303_s3_d6.png,63,0,2786
composed,7,train/7/synthetic_window_00063_s1_d7.png,train/2/meter_20260416_s2_d2.png|train/7/meter_20260307_s3_d7.png|train/8/meter_20200701_s2_d8.png|train/6/meter_20260303_s3_d6.png,63,1,2786
composed,8,train/8/synthetic_window_00063_s2_d8.png,train/2/meter_20260416_s2_d2.png|train/7/meter_20260307_s3_d7.png|train/8/meter_20200701_s2_d8.png|train/6/meter_20260303_s3_d6.png,63,2,2786
composed,6,train/6/synthetic_window_00063_s3_d6.png,train/2/meter_20260416_s2_d2.png|train/7/meter_20260307_s3_d7.png|train/8/meter_20200701_s2_d8.png|train/6/meter_20260303_s3_d6.png,63,3,2786
composed,3,train/3/synthetic_window_00064_s0_d3.png,train/3/meter_20260216_s1_d3.png|train/9/meter_20201111_s3_d9.png|train/7/meter_20200701_s1_d7.png|train/3/meter_20260518_s1_d3.png,64,0,3973
composed,9,train/9/synthetic_window_00064_s1_d9.png,train/3/meter_20260216_s1_d3.png|train/9/meter_20201111_s3_d9.png|train/7/meter_20200701_s1_d7.png|train/3/meter_20260518_s1_d3.png,64,1,3973
composed,7,train/7/synthetic_window_00064_s2_d7.png,train/3/meter_20260216_s1_d3.png|train/9/meter_20201111_s3_d9.png|train/7/meter_20200701_s1_d7.png|train/3/meter_20260518_s1_d3.png,64,2,3973
composed,3,train/3/synthetic_window_00064_s3_d3.png,train/3/meter_20260216_s1_d3.png|train/9/meter_20201111_s3_d9.png|train/7/meter_20200701_s1_d7.png|train/3/meter_20260518_s1_d3.png,64,3,3973
composed,3,train/3/synthetic_window_00065_s0_d3.png,train/3/meter_20260210_s1_d3.png|train/6/meter_20260303_s3_d6.png|train/0/meter_20260323_s3_d0.png|train/6/meter_20260420_s3_d6.png,65,0,3606
composed,6,train/6/synthetic_window_00065_s1_d6.png,train/3/meter_20260210_s1_d3.png|train/6/meter_20260303_s3_d6.png|train/0/meter_20260323_s3_d0.png|train/6/meter_20260420_s3_d6.png,65,1,3606
composed,0,train/0/synthetic_window_00065_s2_d0.png,train/3/meter_20260210_s1_d3.png|train/6/meter_20260303_s3_d6.png|train/0/meter_20260323_s3_d0.png|train/6/meter_20260420_s3_d6.png,65,2,3606
composed,6,train/6/synthetic_window_00065_s3_d6.png,train/3/meter_20260210_s1_d3.png|train/6/meter_20260303_s3_d6.png|train/0/meter_20260323_s3_d0.png|train/6/meter_20260420_s3_d6.png,65,3,3606
composed,7,train/7/synthetic_window_00066_s0_d7.png,train/7/meter_20260130_s3_d7.png|train/5/meter_20260416_s3_d5.png|train/2/meter_20260401_s2_d2.png|train/2/meter_20260401_s2_d2.png,66,0,7522
composed,5,train/5/synthetic_window_00066_s1_d5.png,train/7/meter_20260130_s3_d7.png|train/5/meter_20260416_s3_d5.png|train/2/meter_20260401_s2_d2.png|train/2/meter_20260401_s2_d2.png,66,1,7522
composed,2,train/2/synthetic_window_00066_s2_d2.png,train/7/meter_20260130_s3_d7.png|train/5/meter_20260416_s3_d5.png|train/2/meter_20260401_s2_d2.png|train/2/meter_20260401_s2_d2.png,66,2,7522
composed,2,train/2/synthetic_window_00066_s3_d2.png,train/7/meter_20260130_s3_d7.png|train/5/meter_20260416_s3_d5.png|train/2/meter_20260401_s2_d2.png|train/2/meter_20260401_s2_d2.png,66,3,7522
composed,6,train/6/synthetic_window_00067_s0_d6.png,train/6/meter_20260303_s3_d6.png|train/2/meter_20260227_s0_d2.png|train/6/meter_20260420_s3_d6.png|train/5/meter_20260227_s3_d5.png,67,0,6265
composed,2,train/2/synthetic_window_00067_s1_d2.png,train/6/meter_20260303_s3_d6.png|train/2/meter_20260227_s0_d2.png|train/6/meter_20260420_s3_d6.png|train/5/meter_20260227_s3_d5.png,67,1,6265
composed,6,train/6/synthetic_window_00067_s2_d6.png,train/6/meter_20260303_s3_d6.png|train/2/meter_20260227_s0_d2.png|train/6/meter_20260420_s3_d6.png|train/5/meter_20260227_s3_d5.png,67,2,6265
composed,5,train/5/synthetic_window_00067_s3_d5.png,train/6/meter_20260303_s3_d6.png|train/2/meter_20260227_s0_d2.png|train/6/meter_20260420_s3_d6.png|train/5/meter_20260227_s3_d5.png,67,3,6265
composed,3,train/3/synthetic_window_00068_s0_d3.png,train/3/meter_20260310_s1_d3.png|train/3/meter_20260416_s1_d3.png|train/4/meter_20260224_s3_d4.png|train/6/meter_20260420_s3_d6.png,68,0,3346
composed,3,train/3/synthetic_window_00068_s1_d3.png,train/3/meter_20260310_s1_d3.png|train/3/meter_20260416_s1_d3.png|train/4/meter_20260224_s3_d4.png|train/6/meter_20260420_s3_d6.png,68,1,3346
composed,4,train/4/synthetic_window_00068_s2_d4.png,train/3/meter_20260310_s1_d3.png|train/3/meter_20260416_s1_d3.png|train/4/meter_20260224_s3_d4.png|train/6/meter_20260420_s3_d6.png,68,2,3346
composed,6,train/6/synthetic_window_00068_s3_d6.png,train/3/meter_20260310_s1_d3.png|train/3/meter_20260416_s1_d3.png|train/4/meter_20260224_s3_d4.png|train/6/meter_20260420_s3_d6.png,68,3,3346
composed,6,train/6/synthetic_window_00069_s0_d6.png,train/6/meter_20260420_s3_d6.png|train/8/meter_20201111_s1_d8.png|train/9/meter_20251009_s3_d9.png|train/3/meter_20260224_s1_d3.png,69,0,6893
composed,8,train/8/synthetic_window_00069_s1_d8.png,train/6/meter_20260420_s3_d6.png|train/8/meter_20201111_s1_d8.png|train/9/meter_20251009_s3_d9.png|train/3/meter_20260224_s1_d3.png,69,1,6893
composed,9,train/9/synthetic_window_00069_s2_d9.png,train/6/meter_20260420_s3_d6.png|train/8/meter_20201111_s1_d8.png|train/9/meter_20251009_s3_d9.png|train/3/meter_20260224_s1_d3.png,69,2,6893
composed,3,train/3/synthetic_window_00069_s3_d3.png,train/6/meter_20260420_s3_d6.png|train/8/meter_20201111_s1_d8.png|train/9/meter_20251009_s3_d9.png|train/3/meter_20260224_s1_d3.png,69,3,6893
composed,5,train/5/synthetic_window_00070_s0_d5.png,train/5/meter_20260227_s3_d5.png|train/1/meter_20260214_s3_d1.png|train/7/meter_20260423_s3_d7.png|train/6/meter_20260303_s3_d6.png,70,0,5176
composed,1,train/1/synthetic_window_00070_s1_d1.png,train/5/meter_20260227_s3_d5.png|train/1/meter_20260214_s3_d1.png|train/7/meter_20260423_s3_d7.png|train/6/meter_20260303_s3_d6.png,70,1,5176
composed,7,train/7/synthetic_window_00070_s2_d7.png,train/5/meter_20260227_s3_d5.png|train/1/meter_20260214_s3_d1.png|train/7/meter_20260423_s3_d7.png|train/6/meter_20260303_s3_d6.png,70,2,5176
composed,6,train/6/synthetic_window_00070_s3_d6.png,train/5/meter_20260227_s3_d5.png|train/1/meter_20260214_s3_d1.png|train/7/meter_20260423_s3_d7.png|train/6/meter_20260303_s3_d6.png,70,3,5176
composed,7,train/7/synthetic_window_00071_s0_d7.png,train/7/meter_20260130_s3_d7.png|train/2/meter_20260210_s0_d2.png|train/4/meter_20260521_s3_d4.png|train/5/meter_20260416_s3_d5.png,71,0,7245
composed,2,train/2/synthetic_window_00071_s1_d2.png,train/7/meter_20260130_s3_d7.png|train/2/meter_20260210_s0_d2.png|train/4/meter_20260521_s3_d4.png|train/5/meter_20260416_s3_d5.png,71,1,7245
composed,4,train/4/synthetic_window_00071_s2_d4.png,train/7/meter_20260130_s3_d7.png|train/2/meter_20260210_s0_d2.png|train/4/meter_20260521_s3_d4.png|train/5/meter_20260416_s3_d5.png,71,2,7245
composed,5,train/5/synthetic_window_00071_s3_d5.png,train/7/meter_20260130_s3_d7.png|train/2/meter_20260210_s0_d2.png|train/4/meter_20260521_s3_d4.png|train/5/meter_20260416_s3_d5.png,71,3,7245
composed,1,train/1/synthetic_window_00072_s0_d1.png,train/1/meter_20200701_s0_d1.png|train/0/meter_20260210_s3_d0.png|train/7/meter_20260307_s3_d7.png|train/6/meter_20260420_s3_d6.png,72,0,1076
composed,0,train/0/synthetic_window_00072_s1_d0.png,train/1/meter_20200701_s0_d1.png|train/0/meter_20260210_s3_d0.png|train/7/meter_20260307_s3_d7.png|train/6/meter_20260420_s3_d6.png,72,1,1076
composed,7,train/7/synthetic_window_00072_s2_d7.png,train/1/meter_20200701_s0_d1.png|train/0/meter_20260210_s3_d0.png|train/7/meter_20260307_s3_d7.png|train/6/meter_20260420_s3_d6.png,72,2,1076
composed,6,train/6/synthetic_window_00072_s3_d6.png,train/1/meter_20200701_s0_d1.png|train/0/meter_20260210_s3_d0.png|train/7/meter_20260307_s3_d7.png|train/6/meter_20260420_s3_d6.png,72,3,1076
composed,9,train/9/synthetic_window_00073_s0_d9.png,train/9/meter_20201111_s3_d9.png|train/5/meter_20260524_s3_d5.png|train/2/meter_20260214_s0_d2.png|train/1/meter_20260224_s2_d1.png,73,0,9521
composed,5,train/5/synthetic_window_00073_s1_d5.png,train/9/meter_20201111_s3_d9.png|train/5/meter_20260524_s3_d5.png|train/2/meter_20260214_s0_d2.png|train/1/meter_20260224_s2_d1.png,73,1,9521
composed,2,train/2/synthetic_window_00073_s2_d2.png,train/9/meter_20201111_s3_d9.png|train/5/meter_20260524_s3_d5.png|train/2/meter_20260214_s0_d2.png|train/1/meter_20260224_s2_d1.png,73,2,9521
composed,1,train/1/synthetic_window_00073_s3_d1.png,train/9/meter_20201111_s3_d9.png|train/5/meter_20260524_s3_d5.png|train/2/meter_20260214_s0_d2.png|train/1/meter_20260224_s2_d1.png,73,3,9521
composed,3,train/3/synthetic_window_00074_s0_d3.png,train/3/meter_20260220_s1_d3.png|train/9/meter_20201111_s3_d9.png|train/5/meter_20260227_s3_d5.png|train/4/meter_20260224_s3_d4.png,74,0,3954
composed,9,train/9/synthetic_window_00074_s1_d9.png,train/3/meter_20260220_s1_d3.png|train/9/meter_20201111_s3_d9.png|train/5/meter_20260227_s3_d5.png|train/4/meter_20260224_s3_d4.png,74,1,3954
composed,5,train/5/synthetic_window_00074_s2_d5.png,train/3/meter_20260220_s1_d3.png|train/9/meter_20201111_s3_d9.png|train/5/meter_20260227_s3_d5.png|train/4/meter_20260224_s3_d4.png,74,2,3954
composed,4,train/4/synthetic_window_00074_s3_d4.png,train/3/meter_20260220_s1_d3.png|train/9/meter_20201111_s3_d9.png|train/5/meter_20260227_s3_d5.png|train/4/meter_20260224_s3_d4.png,74,3,3954
composed,6,train/6/synthetic_window_00075_s0_d6.png,train/6/meter_20260420_s3_d6.png|train/4/meter_20260521_s3_d4.png|train/4/meter_20200701_s3_d4.png|train/7/meter_20260423_s3_d7.png,75,0,6447
composed,4,train/4/synthetic_window_00075_s1_d4.png,train/6/meter_20260420_s3_d6.png|train/4/meter_20260521_s3_d4.png|train/4/meter_20200701_s3_d4.png|train/7/meter_20260423_s3_d7.png,75,1,6447
composed,4,train/4/synthetic_window_00075_s2_d4.png,train/6/meter_20260420_s3_d6.png|train/4/meter_20260521_s3_d4.png|train/4/meter_20200701_s3_d4.png|train/7/meter_20260423_s3_d7.png,75,2,6447
composed,7,train/7/synthetic_window_00075_s3_d7.png,train/6/meter_20260420_s3_d6.png|train/4/meter_20260521_s3_d4.png|train/4/meter_20200701_s3_d4.png|train/7/meter_20260423_s3_d7.png,75,3,6447
composed,0,train/0/synthetic_window_00076_s0_d0.png,train/0/meter_20260210_s3_d0.png|train/0/meter_20260507_s3_d0.png|train/0/meter_20260202_s2_d0.png|train/7/meter_20260307_s3_d7.png,76,0,0007
composed,0,train/0/synthetic_window_00076_s1_d0.png,train/0/meter_20260210_s3_d0.png|train/0/meter_20260507_s3_d0.png|train/0/meter_20260202_s2_d0.png|train/7/meter_20260307_s3_d7.png,76,1,0007
composed,0,train/0/synthetic_window_00076_s2_d0.png,train/0/meter_20260210_s3_d0.png|train/0/meter_20260507_s3_d0.png|train/0/meter_20260202_s2_d0.png|train/7/meter_20260307_s3_d7.png,76,2,0007
composed,7,train/7/synthetic_window_00076_s3_d7.png,train/0/meter_20260210_s3_d0.png|train/0/meter_20260507_s3_d0.png|train/0/meter_20260202_s2_d0.png|train/7/meter_20260307_s3_d7.png,76,3,0007
composed,0,train/0/synthetic_window_00077_s0_d0.png,train/0/meter_20260202_s2_d0.png|train/7/meter_20260423_s3_d7.png|train/3/meter_20260427_s1_d3.png|train/7/meter_20260307_s3_d7.png,77,0,0737
composed,7,train/7/synthetic_window_00077_s1_d7.png,train/0/meter_20260202_s2_d0.png|train/7/meter_20260423_s3_d7.png|train/3/meter_20260427_s1_d3.png|train/7/meter_20260307_s3_d7.png,77,1,0737
composed,3,train/3/synthetic_window_00077_s2_d3.png,train/0/meter_20260202_s2_d0.png|train/7/meter_20260423_s3_d7.png|train/3/meter_20260427_s1_d3.png|train/7/meter_20260307_s3_d7.png,77,2,0737
composed,7,train/7/synthetic_window_00077_s3_d7.png,train/0/meter_20260202_s2_d0.png|train/7/meter_20260423_s3_d7.png|train/3/meter_20260427_s1_d3.png|train/7/meter_20260307_s3_d7.png,77,3,0737
composed,1,train/1/synthetic_window_00078_s0_d1.png,train/1/meter_20260216_s2_d1.png|train/9/meter_20251009_s3_d9.png|train/8/meter_20260427_s3_d8.png|train/7/meter_20200701_s1_d7.png,78,0,1987
composed,9,train/9/synthetic_window_00078_s1_d9.png,train/1/meter_20260216_s2_d1.png|train/9/meter_20251009_s3_d9.png|train/8/meter_20260427_s3_d8.png|train/7/meter_20200701_s1_d7.png,78,1,1987
composed,8,train/8/synthetic_window_00078_s2_d8.png,train/1/meter_20260216_s2_d1.png|train/9/meter_20251009_s3_d9.png|train/8/meter_20260427_s3_d8.png|train/7/meter_20200701_s1_d7.png,78,2,1987
composed,7,train/7/synthetic_window_00078_s3_d7.png,train/1/meter_20260216_s2_d1.png|train/9/meter_20251009_s3_d9.png|train/8/meter_20260427_s3_d8.png|train/7/meter_20200701_s1_d7.png,78,3,1987
composed,0,train/0/synthetic_window_00079_s0_d0.png,train/0/meter_20260210_s3_d0.png|train/5/meter_20260416_s3_d5.png|train/0/meter_20260202_s2_d0.png|train/4/meter_20200701_s3_d4.png,79,0,0504
composed,5,train/5/synthetic_window_00079_s1_d5.png,train/0/meter_20260210_s3_d0.png|train/5/meter_20260416_s3_d5.png|train/0/meter_20260202_s2_d0.png|train/4/meter_20200701_s3_d4.png,79,1,0504
composed,0,train/0/synthetic_window_00079_s2_d0.png,train/0/meter_20260210_s3_d0.png|train/5/meter_20260416_s3_d5.png|train/0/meter_20260202_s2_d0.png|train/4/meter_20200701_s3_d4.png,79,2,0504
composed,4,train/4/synthetic_window_00079_s3_d4.png,train/0/meter_20260210_s3_d0.png|train/5/meter_20260416_s3_d5.png|train/0/meter_20260202_s2_d0.png|train/4/meter_20200701_s3_d4.png,79,3,0504
composed,8,train/8/synthetic_window_00080_s0_d8.png,train/8/meter_20260310_s3_d8.png|train/5/meter_20260416_s3_d5.png|train/9/meter_20251009_s3_d9.png|train/1/meter_20260310_s2_d1.png,80,0,8591
composed,5,train/5/synthetic_window_00080_s1_d5.png,train/8/meter_20260310_s3_d8.png|train/5/meter_20260416_s3_d5.png|train/9/meter_20251009_s3_d9.png|train/1/meter_20260310_s2_d1.png,80,1,8591
composed,9,train/9/synthetic_window_00080_s2_d9.png,train/8/meter_20260310_s3_d8.png|train/5/meter_20260416_s3_d5.png|train/9/meter_20251009_s3_d9.png|train/1/meter_20260310_s2_d1.png,80,2,8591
composed,1,train/1/synthetic_window_00080_s3_d1.png,train/8/meter_20260310_s3_d8.png|train/5/meter_20260416_s3_d5.png|train/9/meter_20251009_s3_d9.png|train/1/meter_20260310_s2_d1.png,80,3,8591
composed,3,train/3/synthetic_window_00081_s0_d3.png,train/3/meter_20260518_s2_d3.png|train/0/meter_20260323_s3_d0.png|train/5/meter_20260524_s3_d5.png|train/5/meter_20260227_s3_d5.png,81,0,3055
composed,0,train/0/synthetic_window_00081_s1_d0.png,train/3/meter_20260518_s2_d3.png|train/0/meter_20260323_s3_d0.png|train/5/meter_20260524_s3_d5.png|train/5/meter_20260227_s3_d5.png,81,1,3055
composed,5,train/5/synthetic_window_00081_s2_d5.png,train/3/meter_20260518_s2_d3.png|train/0/meter_20260323_s3_d0.png|train/5/meter_20260524_s3_d5.png|train/5/meter_20260227_s3_d5.png,81,2,3055
composed,5,train/5/synthetic_window_00081_s3_d5.png,train/3/meter_20260518_s2_d3.png|train/0/meter_20260323_s3_d0.png|train/5/meter_20260524_s3_d5.png|train/5/meter_20260227_s3_d5.png,81,3,3055
composed,8,train/8/synthetic_window_00082_s0_d8.png,train/8/meter_20260202_s3_d8.png|train/0/meter_20260202_s2_d0.png|train/7/meter_20251009_s2_d7.png|train/2/meter_20260224_s0_d2.png,82,0,8072
composed,0,train/0/synthetic_window_00082_s1_d0.png,train/8/meter_20260202_s3_d8.png|train/0/meter_20260202_s2_d0.png|train/7/meter_20251009_s2_d7.png|train/2/meter_20260224_s0_d2.png,82,1,8072
composed,7,train/7/synthetic_window_00082_s2_d7.png,train/8/meter_20260202_s3_d8.png|train/0/meter_20260202_s2_d0.png|train/7/meter_20251009_s2_d7.png|train/2/meter_20260224_s0_d2.png,82,2,8072
composed,2,train/2/synthetic_window_00082_s3_d2.png,train/8/meter_20260202_s3_d8.png|train/0/meter_20260202_s2_d0.png|train/7/meter_20251009_s2_d7.png|train/2/meter_20260224_s0_d2.png,82,3,8072
composed,8,train/8/synthetic_window_00083_s0_d8.png,train/8/meter_20201111_s1_d8.png|train/0/meter_20260507_s3_d0.png|train/4/meter_20260521_s3_d4.png|train/8/meter_20260427_s3_d8.png,83,0,8048
composed,0,train/0/synthetic_window_00083_s1_d0.png,train/8/meter_20201111_s1_d8.png|train/0/meter_20260507_s3_d0.png|train/4/meter_20260521_s3_d4.png|train/8/meter_20260427_s3_d8.png,83,1,8048
composed,4,train/4/synthetic_window_00083_s2_d4.png,train/8/meter_20201111_s1_d8.png|train/0/meter_20260507_s3_d0.png|train/4/meter_20260521_s3_d4.png|train/8/meter_20260427_s3_d8.png,83,2,8048
composed,8,train/8/synthetic_window_00083_s3_d8.png,train/8/meter_20201111_s1_d8.png|train/0/meter_20260507_s3_d0.png|train/4/meter_20260521_s3_d4.png|train/8/meter_20260427_s3_d8.png,83,3,8048
composed,7,train/7/synthetic_window_00084_s0_d7.png,train/7/meter_20260130_s3_d7.png|train/6/meter_20260303_s3_d6.png|train/6/meter_20260303_s3_d6.png|train/4/meter_20200701_s3_d4.png,84,0,7664
composed,6,train/6/synthetic_window_00084_s1_d6.png,train/7/meter_20260130_s3_d7.png|train/6/meter_20260303_s3_d6.png|train/6/meter_20260303_s3_d6.png|train/4/meter_20200701_s3_d4.png,84,1,7664
composed,6,train/6/synthetic_window_00084_s2_d6.png,train/7/meter_20260130_s3_d7.png|train/6/meter_20260303_s3_d6.png|train/6/meter_20260303_s3_d6.png|train/4/meter_20200701_s3_d4.png,84,2,7664
composed,4,train/4/synthetic_window_00084_s3_d4.png,train/7/meter_20260130_s3_d7.png|train/6/meter_20260303_s3_d6.png|train/6/meter_20260303_s3_d6.png|train/4/meter_20200701_s3_d4.png,84,3,7664
composed,1,train/1/synthetic_window_00085_s0_d1.png,train/1/meter_20260307_s2_d1.png|train/6/meter_20260420_s3_d6.png|train/1/meter_20260227_s2_d1.png|train/4/meter_20260413_s3_d4.png,85,0,1614
composed,6,train/6/synthetic_window_00085_s1_d6.png,train/1/meter_20260307_s2_d1.png|train/6/meter_20260420_s3_d6.png|train/1/meter_20260227_s2_d1.png|train/4/meter_20260413_s3_d4.png,85,1,1614
composed,1,train/1/synthetic_window_00085_s2_d1.png,train/1/meter_20260307_s2_d1.png|train/6/meter_20260420_s3_d6.png|train/1/meter_20260227_s2_d1.png|train/4/meter_20260413_s3_d4.png,85,2,1614
composed,4,train/4/synthetic_window_00085_s3_d4.png,train/1/meter_20260307_s2_d1.png|train/6/meter_20260420_s3_d6.png|train/1/meter_20260227_s2_d1.png|train/4/meter_20260413_s3_d4.png,85,3,1614
composed,9,train/9/synthetic_window_00086_s0_d9.png,train/9/meter_20251009_s3_d9.png|train/7/meter_20260423_s3_d7.png|train/9/meter_20251009_s3_d9.png|train/1/meter_20260512_s3_d1.png,86,0,9791
composed,7,train/7/synthetic_window_00086_s1_d7.png,train/9/meter_20251009_s3_d9.png|train/7/meter_20260423_s3_d7.png|train/9/meter_20251009_s3_d9.png|train/1/meter_20260512_s3_d1.png,86,1,9791
composed,9,train/9/synthetic_window_00086_s2_d9.png,train/9/meter_20251009_s3_d9.png|train/7/meter_20260423_s3_d7.png|train/9/meter_20251009_s3_d9.png|train/1/meter_20260512_s3_d1.png,86,2,9791
composed,1,train/1/synthetic_window_00086_s3_d1.png,train/9/meter_20251009_s3_d9.png|train/7/meter_20260423_s3_d7.png|train/9/meter_20251009_s3_d9.png|train/1/meter_20260512_s3_d1.png,86,3,9791
composed,0,train/0/synthetic_window_00087_s0_d0.png,train/0/meter_20260202_s2_d0.png|train/7/meter_20260307_s3_d7.png|train/7/meter_20260307_s3_d7.png|train/0/meter_20260323_s3_d0.png,87,0,0770
composed,7,train/7/synthetic_window_00087_s1_d7.png,train/0/meter_20260202_s2_d0.png|train/7/meter_20260307_s3_d7.png|train/7/meter_20260307_s3_d7.png|train/0/meter_20260323_s3_d0.png,87,1,0770
composed,7,train/7/synthetic_window_00087_s2_d7.png,train/0/meter_20260202_s2_d0.png|train/7/meter_20260307_s3_d7.png|train/7/meter_20260307_s3_d7.png|train/0/meter_20260323_s3_d0.png,87,2,0770
composed,0,train/0/synthetic_window_00087_s3_d0.png,train/0/meter_20260202_s2_d0.png|train/7/meter_20260307_s3_d7.png|train/7/meter_20260307_s3_d7.png|train/0/meter_20260323_s3_d0.png,87,3,0770
composed,0,train/0/synthetic_window_00088_s0_d0.png,train/0/meter_20260130_s2_d0.png|train/6/meter_20260420_s3_d6.png|train/6/meter_20260303_s3_d6.png|train/5/meter_20260227_s3_d5.png,88,0,0665
composed,6,train/6/synthetic_window_00088_s1_d6.png,train/0/meter_20260130_s2_d0.png|train/6/meter_20260420_s3_d6.png|train/6/meter_20260303_s3_d6.png|train/5/meter_20260227_s3_d5.png,88,1,0665
composed,6,train/6/synthetic_window_00088_s2_d6.png,train/0/meter_20260130_s2_d0.png|train/6/meter_20260420_s3_d6.png|train/6/meter_20260303_s3_d6.png|train/5/meter_20260227_s3_d5.png,88,2,0665
composed,5,train/5/synthetic_window_00088_s3_d5.png,train/0/meter_20260130_s2_d0.png|train/6/meter_20260420_s3_d6.png|train/6/meter_20260303_s3_d6.png|train/5/meter_20260227_s3_d5.png,88,3,0665
composed,9,train/9/synthetic_window_00089_s0_d9.png,train/9/meter_20201111_s3_d9.png|train/0/meter_20260202_s2_d0.png|train/8/meter_20200701_s2_d8.png|train/7/meter_20260130_s3_d7.png,89,0,9087
composed,0,train/0/synthetic_window_00089_s1_d0.png,train/9/meter_20201111_s3_d9.png|train/0/meter_20260202_s2_d0.png|train/8/meter_20200701_s2_d8.png|train/7/meter_20260130_s3_d7.png,89,1,9087
composed,8,train/8/synthetic_window_00089_s2_d8.png,train/9/meter_20201111_s3_d9.png|train/0/meter_20260202_s2_d0.png|train/8/meter_20200701_s2_d8.png|train/7/meter_20260130_s3_d7.png,89,2,9087
composed,7,train/7/synthetic_window_00089_s3_d7.png,train/9/meter_20201111_s3_d9.png|train/0/meter_20260202_s2_d0.png|train/8/meter_20200701_s2_d8.png|train/7/meter_20260130_s3_d7.png,89,3,9087
composed,7,train/7/synthetic_window_00090_s0_d7.png,train/7/meter_20260307_s3_d7.png|train/6/meter_20260303_s3_d6.png|train/9/meter_20201111_s3_d9.png|train/6/meter_20260303_s3_d6.png,90,0,7696
composed,6,train/6/synthetic_window_00090_s1_d6.png,train/7/meter_20260307_s3_d7.png|train/6/meter_20260303_s3_d6.png|train/9/meter_20201111_s3_d9.png|train/6/meter_20260303_s3_d6.png,90,1,7696
composed,9,train/9/synthetic_window_00090_s2_d9.png,train/7/meter_20260307_s3_d7.png|train/6/meter_20260303_s3_d6.png|train/9/meter_20201111_s3_d9.png|train/6/meter_20260303_s3_d6.png,90,2,7696
composed,6,train/6/synthetic_window_00090_s3_d6.png,train/7/meter_20260307_s3_d7.png|train/6/meter_20260303_s3_d6.png|train/9/meter_20201111_s3_d9.png|train/6/meter_20260303_s3_d6.png,90,3,7696
composed,6,train/6/synthetic_window_00091_s0_d6.png,train/6/meter_20260420_s3_d6.png|train/8/meter_20201111_s1_d8.png|train/3/meter_20260524_s1_d3.png|train/2/meter_20260227_s0_d2.png,91,0,6832
composed,8,train/8/synthetic_window_00091_s1_d8.png,train/6/meter_20260420_s3_d6.png|train/8/meter_20201111_s1_d8.png|train/3/meter_20260524_s1_d3.png|train/2/meter_20260227_s0_d2.png,91,1,6832
composed,3,train/3/synthetic_window_00091_s2_d3.png,train/6/meter_20260420_s3_d6.png|train/8/meter_20201111_s1_d8.png|train/3/meter_20260524_s1_d3.png|train/2/meter_20260227_s0_d2.png,91,2,6832
composed,2,train/2/synthetic_window_00091_s3_d2.png,train/6/meter_20260420_s3_d6.png|train/8/meter_20201111_s1_d8.png|train/3/meter_20260524_s1_d3.png|train/2/meter_20260227_s0_d2.png,91,3,6832
composed,6,train/6/synthetic_window_00092_s0_d6.png,train/6/meter_20260420_s3_d6.png|train/1/meter_20260214_s2_d1.png|train/9/meter_20251009_s3_d9.png|train/1/meter_20201111_s2_d1.png,92,0,6191
composed,1,train/1/synthetic_window_00092_s1_d1.png,train/6/meter_20260420_s3_d6.png|train/1/meter_20260214_s2_d1.png|train/9/meter_20251009_s3_d9.png|train/1/meter_20201111_s2_d1.png,92,1,6191
composed,9,train/9/synthetic_window_00092_s2_d9.png,train/6/meter_20260420_s3_d6.png|train/1/meter_20260214_s2_d1.png|train/9/meter_20251009_s3_d9.png|train/1/meter_20201111_s2_d1.png,92,2,6191
composed,1,train/1/synthetic_window_00092_s3_d1.png,train/6/meter_20260420_s3_d6.png|train/1/meter_20260214_s2_d1.png|train/9/meter_20251009_s3_d9.png|train/1/meter_20201111_s2_d1.png,92,3,6191
composed,2,train/2/synthetic_window_00093_s0_d2.png,train/2/meter_20260401_s2_d2.png|train/7/meter_20260130_s3_d7.png|train/3/meter_20260518_s3_d3.png|train/5/meter_20260416_s3_d5.png,93,0,2735
composed,7,train/7/synthetic_window_00093_s1_d7.png,train/2/meter_20260401_s2_d2.png|train/7/meter_20260130_s3_d7.png|train/3/meter_20260518_s3_d3.png|train/5/meter_20260416_s3_d5.png,93,1,2735
composed,3,train/3/synthetic_window_00093_s2_d3.png,train/2/meter_20260401_s2_d2.png|train/7/meter_20260130_s3_d7.png|train/3/meter_20260518_s3_d3.png|train/5/meter_20260416_s3_d5.png,93,2,2735
composed,5,train/5/synthetic_window_00093_s3_d5.png,train/2/meter_20260401_s2_d2.png|train/7/meter_20260130_s3_d7.png|train/3/meter_20260518_s3_d3.png|train/5/meter_20260416_s3_d5.png,93,3,2735
composed,8,train/8/synthetic_window_00094_s0_d8.png,train/8/meter_20260202_s3_d8.png|train/2/meter_20260401_s2_d2.png|train/2/meter_20260420_s0_d2.png|train/5/meter_20260227_s3_d5.png,94,0,8225
composed,2,train/2/synthetic_window_00094_s1_d2.png,train/8/meter_20260202_s3_d8.png|train/2/meter_20260401_s2_d2.png|train/2/meter_20260420_s0_d2.png|train/5/meter_20260227_s3_d5.png,94,1,8225
composed,2,train/2/synthetic_window_00094_s2_d2.png,train/8/meter_20260202_s3_d8.png|train/2/meter_20260401_s2_d2.png|train/2/meter_20260420_s0_d2.png|train/5/meter_20260227_s3_d5.png,94,2,8225
composed,5,train/5/synthetic_window_00094_s3_d5.png,train/8/meter_20260202_s3_d8.png|train/2/meter_20260401_s2_d2.png|train/2/meter_20260420_s0_d2.png|train/5/meter_20260227_s3_d5.png,94,3,8225
composed,1,train/1/synthetic_window_00095_s0_d1.png,train/1/meter_20201111_s0_d1.png|train/8/meter_20200701_s2_d8.png|train/8/meter_20260310_s3_d8.png|train/0/meter_20260210_s3_d0.png,95,0,1880
composed,8,train/8/synthetic_window_00095_s1_d8.png,train/1/meter_20201111_s0_d1.png|train/8/meter_20200701_s2_d8.png|train/8/meter_20260310_s3_d8.png|train/0/meter_20260210_s3_d0.png,95,1,1880
composed,8,train/8/synthetic_window_00095_s2_d8.png,train/1/meter_20201111_s0_d1.png|train/8/meter_20200701_s2_d8.png|train/8/meter_20260310_s3_d8.png|train/0/meter_20260210_s3_d0.png,95,2,1880
composed,0,train/0/synthetic_window_00095_s3_d0.png,train/1/meter_20201111_s0_d1.png|train/8/meter_20200701_s2_d8.png|train/8/meter_20260310_s3_d8.png|train/0/meter_20260210_s3_d0.png,95,3,1880
composed,0,train/0/synthetic_window_00096_s0_d0.png,train/0/meter_20260130_s2_d0.png|train/2/meter_20260220_s0_d2.png|train/3/meter_20260512_s1_d3.png|train/6/meter_20260303_s3_d6.png,96,0,0236
composed,2,train/2/synthetic_window_00096_s1_d2.png,train/0/meter_20260130_s2_d0.png|train/2/meter_20260220_s0_d2.png|train/3/meter_20260512_s1_d3.png|train/6/meter_20260303_s3_d6.png,96,1,0236
composed,3,train/3/synthetic_window_00096_s2_d3.png,train/0/meter_20260130_s2_d0.png|train/2/meter_20260220_s0_d2.png|train/3/meter_20260512_s1_d3.png|train/6/meter_20260303_s3_d6.png,96,2,0236
composed,6,train/6/synthetic_window_00096_s3_d6.png,train/0/meter_20260130_s2_d0.png|train/2/meter_20260220_s0_d2.png|train/3/meter_20260512_s1_d3.png|train/6/meter_20260303_s3_d6.png,96,3,0236
composed,9,train/9/synthetic_window_00097_s0_d9.png,train/9/meter_20251009_s3_d9.png|train/8/meter_20260202_s3_d8.png|train/9/meter_20251009_s3_d9.png|train/7/meter_20260423_s3_d7.png,97,0,9897
composed,8,train/8/synthetic_window_00097_s1_d8.png,train/9/meter_20251009_s3_d9.png|train/8/meter_20260202_s3_d8.png|train/9/meter_20251009_s3_d9.png|train/7/meter_20260423_s3_d7.png,97,1,9897
composed,9,train/9/synthetic_window_00097_s2_d9.png,train/9/meter_20251009_s3_d9.png|train/8/meter_20260202_s3_d8.png|train/9/meter_20251009_s3_d9.png|train/7/meter_20260423_s3_d7.png,97,2,9897
composed,7,train/7/synthetic_window_00097_s3_d7.png,train/9/meter_20251009_s3_d9.png|train/8/meter_20260202_s3_d8.png|train/9/meter_20251009_s3_d9.png|train/7/meter_20260423_s3_d7.png,97,3,9897
composed,1,train/1/synthetic_window_00098_s0_d1.png,train/1/meter_20260310_s2_d1.png|train/5/meter_20260416_s3_d5.png|train/4/meter_20260413_s3_d4.png|train/1/meter_20260220_s2_d1.png,98,0,1541
composed,5,train/5/synthetic_window_00098_s1_d5.png,train/1/meter_20260310_s2_d1.png|train/5/meter_20260416_s3_d5.png|train/4/meter_20260413_s3_d4.png|train/1/meter_20260220_s2_d1.png,98,1,1541
composed,4,train/4/synthetic_window_00098_s2_d4.png,train/1/meter_20260310_s2_d1.png|train/5/meter_20260416_s3_d5.png|train/4/meter_20260413_s3_d4.png|train/1/meter_20260220_s2_d1.png,98,2,1541
composed,1,train/1/synthetic_window_00098_s3_d1.png,train/1/meter_20260310_s2_d1.png|train/5/meter_20260416_s3_d5.png|train/4/meter_20260413_s3_d4.png|train/1/meter_20260220_s2_d1.png,98,3,1541
composed,5,train/5/synthetic_window_00099_s0_d5.png,train/5/meter_20260227_s3_d5.png|train/4/meter_20260521_s3_d4.png|train/0/meter_20260202_s2_d0.png|train/0/meter_20260507_s3_d0.png,99,0,5400
composed,4,train/4/synthetic_window_00099_s1_d4.png,train/5/meter_20260227_s3_d5.png|train/4/meter_20260521_s3_d4.png|train/0/meter_20260202_s2_d0.png|train/0/meter_20260507_s3_d0.png,99,1,5400
composed,0,train/0/synthetic_window_00099_s2_d0.png,train/5/meter_20260227_s3_d5.png|train/4/meter_20260521_s3_d4.png|train/0/meter_20260202_s2_d0.png|train/0/meter_20260507_s3_d0.png,99,2,5400
composed,0,train/0/synthetic_window_00099_s3_d0.png,train/5/meter_20260227_s3_d5.png|train/4/meter_20260521_s3_d4.png|train/0/meter_20260202_s2_d0.png|train/0/meter_20260507_s3_d0.png,99,3,5400
composed,9,train/9/synthetic_window_00100_s0_d9.png,train/9/meter_20201111_s3_d9.png|train/9/meter_20201111_s3_d9.png|train/2/meter_20260323_s0_d2.png|train/8/meter_20201111_s1_d8.png,100,0,9928
composed,9,train/9/synthetic_window_00100_s1_d9.png,train/9/meter_20201111_s3_d9.png|train/9/meter_20201111_s3_d9.png|train/2/meter_20260323_s0_d2.png|train/8/meter_20201111_s1_d8.png,100,1,9928
composed,2,train/2/synthetic_window_00100_s2_d2.png,train/9/meter_20201111_s3_d9.png|train/9/meter_20201111_s3_d9.png|train/2/meter_20260323_s0_d2.png|train/8/meter_20201111_s1_d8.png,100,2,9928
composed,8,train/8/synthetic_window_00100_s3_d8.png,train/9/meter_20201111_s3_d9.png|train/9/meter_20201111_s3_d9.png|train/2/meter_20260323_s0_d2.png|train/8/meter_20201111_s1_d8.png,100,3,9928
composed,4,train/4/synthetic_window_00101_s0_d4.png,train/4/meter_20200701_s3_d4.png|train/4/meter_20260521_s3_d4.png|train/6/meter_20260420_s3_d6.png|train/7/meter_20260423_s3_d7.png,101,0,4467
composed,4,train/4/synthetic_window_00101_s1_d4.png,train/4/meter_20200701_s3_d4.png|train/4/meter_20260521_s3_d4.png|train/6/meter_20260420_s3_d6.png|train/7/meter_20260423_s3_d7.png,101,1,4467
composed,6,train/6/synthetic_window_00101_s2_d6.png,train/4/meter_20200701_s3_d4.png|train/4/meter_20260521_s3_d4.png|train/6/meter_20260420_s3_d6.png|train/7/meter_20260423_s3_d7.png,101,2,4467
composed,7,train/7/synthetic_window_00101_s3_d7.png,train/4/meter_20200701_s3_d4.png|train/4/meter_20260521_s3_d4.png|train/6/meter_20260420_s3_d6.png|train/7/meter_20260423_s3_d7.png,101,3,4467
composed,1,train/1/synthetic_window_00102_s0_d1.png,train/1/meter_20260220_s2_d1.png|train/2/meter_20260507_s0_d2.png|train/8/meter_20201111_s1_d8.png|train/0/meter_20260130_s2_d0.png,102,0,1280
composed,2,train/2/synthetic_window_00102_s1_d2.png,train/1/meter_20260220_s2_d1.png|train/2/meter_20260507_s0_d2.png|train/8/meter_20201111_s1_d8.png|train/0/meter_20260130_s2_d0.png,102,1,1280
composed,8,train/8/synthetic_window_00102_s2_d8.png,train/1/meter_20260220_s2_d1.png|train/2/meter_20260507_s0_d2.png|train/8/meter_20201111_s1_d8.png|train/0/meter_20260130_s2_d0.png,102,2,1280
composed,0,train/0/synthetic_window_00102_s3_d0.png,train/1/meter_20260220_s2_d1.png|train/2/meter_20260507_s0_d2.png|train/8/meter_20201111_s1_d8.png|train/0/meter_20260130_s2_d0.png,102,3,1280
composed,8,train/8/synthetic_window_00103_s0_d8.png,train/8/meter_20260202_s3_d8.png|train/4/meter_20260413_s3_d4.png|train/6/meter_20260420_s3_d6.png|train/4/meter_20200701_s3_d4.png,103,0,8464
composed,4,train/4/synthetic_window_00103_s1_d4.png,train/8/meter_20260202_s3_d8.png|train/4/meter_20260413_s3_d4.png|train/6/meter_20260420_s3_d6.png|train/4/meter_20200701_s3_d4.png,103,1,8464
composed,6,train/6/synthetic_window_00103_s2_d6.png,train/8/meter_20260202_s3_d8.png|train/4/meter_20260413_s3_d4.png|train/6/meter_20260420_s3_d6.png|train/4/meter_20200701_s3_d4.png,103,2,8464
composed,4,train/4/synthetic_window_00103_s3_d4.png,train/8/meter_20260202_s3_d8.png|train/4/meter_20260413_s3_d4.png|train/6/meter_20260420_s3_d6.png|train/4/meter_20200701_s3_d4.png,103,3,8464
composed,9,train/9/synthetic_window_00104_s0_d9.png,train/9/meter_20251009_s3_d9.png|train/2/meter_20260427_s0_d2.png|train/4/meter_20260413_s3_d4.png|train/5/meter_20260227_s3_d5.png,104,0,9245
composed,2,train/2/synthetic_window_00104_s1_d2.png,train/9/meter_20251009_s3_d9.png|train/2/meter_20260427_s0_d2.png|train/4/meter_20260413_s3_d4.png|train/5/meter_20260227_s3_d5.png,104,1,9245
composed,4,train/4/synthetic_window_00104_s2_d4.png,train/9/meter_20251009_s3_d9.png|train/2/meter_20260427_s0_d2.png|train/4/meter_20260413_s3_d4.png|train/5/meter_20260227_s3_d5.png,104,2,9245
composed,5,train/5/synthetic_window_00104_s3_d5.png,train/9/meter_20251009_s3_d9.png|train/2/meter_20260427_s0_d2.png|train/4/meter_20260413_s3_d4.png|train/5/meter_20260227_s3_d5.png,104,3,9245
composed,9,train/9/synthetic_window_00105_s0_d9.png,train/9/meter_20201111_s3_d9.png|train/3/meter_20260416_s1_d3.png|train/0/meter_20260507_s3_d0.png|train/7/meter_20260307_s3_d7.png,105,0,9307
composed,3,train/3/synthetic_window_00105_s1_d3.png,train/9/meter_20201111_s3_d9.png|train/3/meter_20260416_s1_d3.png|train/0/meter_20260507_s3_d0.png|train/7/meter_20260307_s3_d7.png,105,1,9307
composed,0,train/0/synthetic_window_00105_s2_d0.png,train/9/meter_20201111_s3_d9.png|train/3/meter_20260416_s1_d3.png|train/0/meter_20260507_s3_d0.png|train/7/meter_20260307_s3_d7.png,105,2,9307
composed,7,train/7/synthetic_window_00105_s3_d7.png,train/9/meter_20201111_s3_d9.png|train/3/meter_20260416_s1_d3.png|train/0/meter_20260507_s3_d0.png|train/7/meter_20260307_s3_d7.png,105,3,9307
composed,1,train/1/synthetic_window_00106_s0_d1.png,train/1/meter_20260307_s2_d1.png|train/9/meter_20201111_s3_d9.png|train/0/meter_20260130_s2_d0.png|train/1/meter_20260512_s3_d1.png,106,0,1901
composed,9,train/9/synthetic_window_00106_s1_d9.png,train/1/meter_20260307_s2_d1.png|train/9/meter_20201111_s3_d9.png|train/0/meter_20260130_s2_d0.png|train/1/meter_20260512_s3_d1.png,106,1,1901
composed,0,train/0/synthetic_window_00106_s2_d0.png,train/1/meter_20260307_s2_d1.png|train/9/meter_20201111_s3_d9.png|train/0/meter_20260130_s2_d0.png|train/1/meter_20260512_s3_d1.png,106,2,1901
composed,1,train/1/synthetic_window_00106_s3_d1.png,train/1/meter_20260307_s2_d1.png|train/9/meter_20201111_s3_d9.png|train/0/meter_20260130_s2_d0.png|train/1/meter_20260512_s3_d1.png,106,3,1901
composed,9,train/9/synthetic_window_00107_s0_d9.png,train/9/meter_20251009_s3_d9.png|train/3/meter_20260524_s1_d3.png|train/7/meter_20260307_s3_d7.png|train/9/meter_20201111_s3_d9.png,107,0,9379
composed,3,train/3/synthetic_window_00107_s1_d3.png,train/9/meter_20251009_s3_d9.png|train/3/meter_20260524_s1_d3.png|train/7/meter_20260307_s3_d7.png|train/9/meter_20201111_s3_d9.png,107,1,9379
composed,7,train/7/synthetic_window_00107_s2_d7.png,train/9/meter_20251009_s3_d9.png|train/3/meter_20260524_s1_d3.png|train/7/meter_20260307_s3_d7.png|train/9/meter_20201111_s3_d9.png,107,2,9379
composed,9,train/9/synthetic_window_00107_s3_d9.png,train/9/meter_20251009_s3_d9.png|train/3/meter_20260524_s1_d3.png|train/7/meter_20260307_s3_d7.png|train/9/meter_20201111_s3_d9.png,107,3,9379
composed,4,train/4/synthetic_window_00108_s0_d4.png,train/4/meter_20260224_s3_d4.png|train/2/meter_20260214_s0_d2.png|train/3/meter_20260224_s1_d3.png|train/5/meter_20260524_s3_d5.png,108,0,4235
composed,2,train/2/synthetic_window_00108_s1_d2.png,train/4/meter_20260224_s3_d4.png|train/2/meter_20260214_s0_d2.png|train/3/meter_20260224_s1_d3.png|train/5/meter_20260524_s3_d5.png,108,1,4235
composed,3,train/3/synthetic_window_00108_s2_d3.png,train/4/meter_20260224_s3_d4.png|train/2/meter_20260214_s0_d2.png|train/3/meter_20260224_s1_d3.png|train/5/meter_20260524_s3_d5.png,108,2,4235
composed,5,train/5/synthetic_window_00108_s3_d5.png,train/4/meter_20260224_s3_d4.png|train/2/meter_20260214_s0_d2.png|train/3/meter_20260224_s1_d3.png|train/5/meter_20260524_s3_d5.png,108,3,4235
composed,7,train/7/synthetic_window_00109_s0_d7.png,train/7/meter_20260423_s3_d7.png|train/0/meter_20260202_s2_d0.png|train/4/meter_20200701_s3_d4.png|train/7/meter_20260307_s3_d7.png,109,0,7047
composed,0,train/0/synthetic_window_00109_s1_d0.png,train/7/meter_20260423_s3_d7.png|train/0/meter_20260202_s2_d0.png|train/4/meter_20200701_s3_d4.png|train/7/meter_20260307_s3_d7.png,109,1,7047
composed,4,train/4/synthetic_window_00109_s2_d4.png,train/7/meter_20260423_s3_d7.png|train/0/meter_20260202_s2_d0.png|train/4/meter_20200701_s3_d4.png|train/7/meter_20260307_s3_d7.png,109,2,7047
composed,7,train/7/synthetic_window_00109_s3_d7.png,train/7/meter_20260423_s3_d7.png|train/0/meter_20260202_s2_d0.png|train/4/meter_20200701_s3_d4.png|train/7/meter_20260307_s3_d7.png,109,3,7047
composed,3,train/3/synthetic_window_00110_s0_d3.png,train/3/meter_20260214_s1_d3.png|train/6/meter_20260420_s3_d6.png|train/6/meter_20260420_s3_d6.png|train/1/meter_20260214_s3_d1.png,110,0,3661
composed,6,train/6/synthetic_window_00110_s1_d6.png,train/3/meter_20260214_s1_d3.png|train/6/meter_20260420_s3_d6.png|train/6/meter_20260420_s3_d6.png|train/1/meter_20260214_s3_d1.png,110,1,3661
composed,6,train/6/synthetic_window_00110_s2_d6.png,train/3/meter_20260214_s1_d3.png|train/6/meter_20260420_s3_d6.png|train/6/meter_20260420_s3_d6.png|train/1/meter_20260214_s3_d1.png,110,2,3661
composed,1,train/1/synthetic_window_00110_s3_d1.png,train/3/meter_20260214_s1_d3.png|train/6/meter_20260420_s3_d6.png|train/6/meter_20260420_s3_d6.png|train/1/meter_20260214_s3_d1.png,110,3,3661
composed,6,train/6/synthetic_window_00111_s0_d6.png,train/6/meter_20260420_s3_d6.png|train/5/meter_20260416_s3_d5.png|train/8/meter_20260202_s3_d8.png|train/5/meter_20260524_s3_d5.png,111,0,6585
composed,5,train/5/synthetic_window_00111_s1_d5.png,train/6/meter_20260420_s3_d6.png|train/5/meter_20260416_s3_d5.png|train/8/meter_20260202_s3_d8.png|train/5/meter_20260524_s3_d5.png,111,1,6585
composed,8,train/8/synthetic_window_00111_s2_d8.png,train/6/meter_20260420_s3_d6.png|train/5/meter_20260416_s3_d5.png|train/8/meter_20260202_s3_d8.png|train/5/meter_20260524_s3_d5.png,111,2,6585
composed,5,train/5/synthetic_window_00111_s3_d5.png,train/6/meter_20260420_s3_d6.png|train/5/meter_20260416_s3_d5.png|train/8/meter_20260202_s3_d8.png|train/5/meter_20260524_s3_d5.png,111,3,6585
composed,0,train/0/synthetic_window_00112_s0_d0.png,train/0/meter_20260210_s3_d0.png|train/9/meter_20251009_s3_d9.png|train/4/meter_20260413_s3_d4.png|train/5/meter_20260227_s3_d5.png,112,0,0945
composed,9,train/9/synthetic_window_00112_s1_d9.png,train/0/meter_20260210_s3_d0.png|train/9/meter_20251009_s3_d9.png|train/4/meter_20260413_s3_d4.png|train/5/meter_20260227_s3_d5.png,112,1,0945
composed,4,train/4/synthetic_window_00112_s2_d4.png,train/0/meter_20260210_s3_d0.png|train/9/meter_20251009_s3_d9.png|train/4/meter_20260413_s3_d4.png|train/5/meter_20260227_s3_d5.png,112,2,0945
composed,5,train/5/synthetic_window_00112_s3_d5.png,train/0/meter_20260210_s3_d0.png|train/9/meter_20251009_s3_d9.png|train/4/meter_20260413_s3_d4.png|train/5/meter_20260227_s3_d5.png,112,3,0945
composed,4,train/4/synthetic_window_00113_s0_d4.png,train/4/meter_20260521_s3_d4.png|train/4/meter_20200701_s3_d4.png|train/6/meter_20260420_s3_d6.png|train/4/meter_20200701_s3_d4.png,113,0,4464
composed,4,train/4/synthetic_window_00113_s1_d4.png,train/4/meter_20260521_s3_d4.png|train/4/meter_20200701_s3_d4.png|train/6/meter_20260420_s3_d6.png|train/4/meter_20200701_s3_d4.png,113,1,4464
composed,6,train/6/synthetic_window_00113_s2_d6.png,train/4/meter_20260521_s3_d4.png|train/4/meter_20200701_s3_d4.png|train/6/meter_20260420_s3_d6.png|train/4/meter_20200701_s3_d4.png,113,2,4464
composed,4,train/4/synthetic_window_00113_s3_d4.png,train/4/meter_20260521_s3_d4.png|train/4/meter_20200701_s3_d4.png|train/6/meter_20260420_s3_d6.png|train/4/meter_20200701_s3_d4.png,113,3,4464
composed,6,train/6/synthetic_window_00114_s0_d6.png,train/6/meter_20260303_s3_d6.png|train/0/meter_20260507_s3_d0.png|train/6/meter_20260420_s3_d6.png|train/3/meter_20260512_s1_d3.png,114,0,6063
composed,0,train/0/synthetic_window_00114_s1_d0.png,train/6/meter_20260303_s3_d6.png|train/0/meter_20260507_s3_d0.png|train/6/meter_20260420_s3_d6.png|train/3/meter_20260512_s1_d3.png,114,1,6063
composed,6,train/6/synthetic_window_00114_s2_d6.png,train/6/meter_20260303_s3_d6.png|train/0/meter_20260507_s3_d0.png|train/6/meter_20260420_s3_d6.png|train/3/meter_20260512_s1_d3.png,114,2,6063
composed,3,train/3/synthetic_window_00114_s3_d3.png,train/6/meter_20260303_s3_d6.png|train/0/meter_20260507_s3_d0.png|train/6/meter_20260420_s3_d6.png|train/3/meter_20260512_s1_d3.png,114,3,6063
composed,2,train/2/synthetic_window_00115_s0_d2.png,train/2/meter_20260401_s0_d2.png|train/7/meter_20260307_s3_d7.png|train/3/meter_20260524_s2_d3.png|train/3/meter_20260518_s2_d3.png,115,0,2733
composed,7,train/7/synthetic_window_00115_s1_d7.png,train/2/meter_20260401_s0_d2.png|train/7/meter_20260307_s3_d7.png|train/3/meter_20260524_s2_d3.png|train/3/meter_20260518_s2_d3.png,115,1,2733
composed,3,train/3/synthetic_window_00115_s2_d3.png,train/2/meter_20260401_s0_d2.png|train/7/meter_20260307_s3_d7.png|train/3/meter_20260524_s2_d3.png|train/3/meter_20260518_s2_d3.png,115,2,2733
composed,3,train/3/synthetic_window_00115_s3_d3.png,train/2/meter_20260401_s0_d2.png|train/7/meter_20260307_s3_d7.png|train/3/meter_20260524_s2_d3.png|train/3/meter_20260518_s2_d3.png,115,3,2733
composed,9,train/9/synthetic_window_00116_s0_d9.png,train/9/meter_20201111_s3_d9.png|train/5/meter_20260227_s3_d5.png|train/1/meter_20260224_s2_d1.png|train/6/meter_20260303_s3_d6.png,116,0,9516
composed,5,train/5/synthetic_window_00116_s1_d5.png,train/9/meter_20201111_s3_d9.png|train/5/meter_20260227_s3_d5.png|train/1/meter_20260224_s2_d1.png|train/6/meter_20260303_s3_d6.png,116,1,9516
composed,1,train/1/synthetic_window_00116_s2_d1.png,train/9/meter_20201111_s3_d9.png|train/5/meter_20260227_s3_d5.png|train/1/meter_20260224_s2_d1.png|train/6/meter_20260303_s3_d6.png,116,2,9516
composed,6,train/6/synthetic_window_00116_s3_d6.png,train/9/meter_20201111_s3_d9.png|train/5/meter_20260227_s3_d5.png|train/1/meter_20260224_s2_d1.png|train/6/meter_20260303_s3_d6.png,116,3,9516
composed,9,train/9/synthetic_window_00117_s0_d9.png,train/9/meter_20251009_s3_d9.png|train/1/meter_20260310_s2_d1.png|train/8/meter_20201111_s1_d8.png|train/6/meter_20260420_s3_d6.png,117,0,9186
composed,1,train/1/synthetic_window_00117_s1_d1.png,train/9/meter_20251009_s3_d9.png|train/1/meter_20260310_s2_d1.png|train/8/meter_20201111_s1_d8.png|train/6/meter_20260420_s3_d6.png,117,1,9186
composed,8,train/8/synthetic_window_00117_s2_d8.png,train/9/meter_20251009_s3_d9.png|train/1/meter_20260310_s2_d1.png|train/8/meter_20201111_s1_d8.png|train/6/meter_20260420_s3_d6.png,117,2,9186
composed,6,train/6/synthetic_window_00117_s3_d6.png,train/9/meter_20251009_s3_d9.png|train/1/meter_20260310_s2_d1.png|train/8/meter_20201111_s1_d8.png|train/6/meter_20260420_s3_d6.png,117,3,9186
composed,9,train/9/synthetic_window_00118_s0_d9.png,train/9/meter_20251009_s3_d9.png|train/6/meter_20260303_s3_d6.png|train/3/meter_20260518_s3_d3.png|train/2/meter_20251009_s0_d2.png,118,0,9632
composed,6,train/6/synthetic_window_00118_s1_d6.png,train/9/meter_20251009_s3_d9.png|train/6/meter_20260303_s3_d6.png|train/3/meter_20260518_s3_d3.png|train/2/meter_20251009_s0_d2.png,118,1,9632
composed,3,train/3/synthetic_window_00118_s2_d3.png,train/9/meter_20251009_s3_d9.png|train/6/meter_20260303_s3_d6.png|train/3/meter_20260518_s3_d3.png|train/2/meter_20251009_s0_d2.png,118,2,9632
composed,2,train/2/synthetic_window_00118_s3_d2.png,train/9/meter_20251009_s3_d9.png|train/6/meter_20260303_s3_d6.png|train/3/meter_20260518_s3_d3.png|train/2/meter_20251009_s0_d2.png,118,3,9632
composed,4,train/4/synthetic_window_00119_s0_d4.png,train/4/meter_20200701_s3_d4.png|train/6/meter_20260420_s3_d6.png|train/3/meter_20260512_s1_d3.png|train/8/meter_20200701_s2_d8.png,119,0,4638
composed,6,train/6/synthetic_window_00119_s1_d6.png,train/4/meter_20200701_s3_d4.png|train/6/meter_20260420_s3_d6.png|train/3/meter_20260512_s1_d3.png|train/8/meter_20200701_s2_d8.png,119,1,4638
composed,3,train/3/synthetic_window_00119_s2_d3.png,train/4/meter_20200701_s3_d4.png|train/6/meter_20260420_s3_d6.png|train/3/meter_20260512_s1_d3.png|train/8/meter_20200701_s2_d8.png,119,2,4638
composed,8,train/8/synthetic_window_00119_s3_d8.png,train/4/meter_20200701_s3_d4.png|train/6/meter_20260420_s3_d6.png|train/3/meter_20260512_s1_d3.png|train/8/meter_20200701_s2_d8.png,119,3,4638
composed,5,train/5/synthetic_window_00120_s0_d5.png,train/5/meter_20260416_s3_d5.png|train/0/meter_20260202_s2_d0.png|train/0/meter_20260202_s2_d0.png|train/9/meter_20201111_s3_d9.png,120,0,5009
composed,0,train/0/synthetic_window_00120_s1_d0.png,train/5/meter_20260416_s3_d5.png|train/0/meter_20260202_s2_d0.png|train/0/meter_20260202_s2_d0.png|train/9/meter_20201111_s3_d9.png,120,1,5009
composed,0,train/0/synthetic_window_00120_s2_d0.png,train/5/meter_20260416_s3_d5.png|train/0/meter_20260202_s2_d0.png|train/0/meter_20260202_s2_d0.png|train/9/meter_20201111_s3_d9.png,120,2,5009
composed,9,train/9/synthetic_window_00120_s3_d9.png,train/5/meter_20260416_s3_d5.png|train/0/meter_20260202_s2_d0.png|train/0/meter_20260202_s2_d0.png|train/9/meter_20201111_s3_d9.png,120,3,5009
composed,9,train/9/synthetic_window_00121_s0_d9.png,train/9/meter_20201111_s3_d9.png|train/5/meter_20260416_s3_d5.png|train/0/meter_20260202_s2_d0.png|train/6/meter_20260420_s3_d6.png,121,0,9506
composed,5,train/5/synthetic_window_00121_s1_d5.png,train/9/meter_20201111_s3_d9.png|train/5/meter_20260416_s3_d5.png|train/0/meter_20260202_s2_d0.png|train/6/meter_20260420_s3_d6.png,121,1,9506
composed,0,train/0/synthetic_window_00121_s2_d0.png,train/9/meter_20201111_s3_d9.png|train/5/meter_20260416_s3_d5.png|train/0/meter_20260202_s2_d0.png|train/6/meter_20260420_s3_d6.png,121,2,9506
composed,6,train/6/synthetic_window_00121_s3_d6.png,train/9/meter_20201111_s3_d9.png|train/5/meter_20260416_s3_d5.png|train/0/meter_20260202_s2_d0.png|train/6/meter_20260420_s3_d6.png,121,3,9506
composed,4,train/4/synthetic_window_00122_s0_d4.png,train/4/meter_20200701_s3_d4.png|train/0/meter_20260210_s3_d0.png|train/2/meter_20260401_s2_d2.png|train/5/meter_20260416_s3_d5.png,122,0,4025
composed,0,train/0/synthetic_window_00122_s1_d0.png,train/4/meter_20200701_s3_d4.png|train/0/meter_20260210_s3_d0.png|train/2/meter_20260401_s2_d2.png|train/5/meter_20260416_s3_d5.png,122,1,4025
composed,2,train/2/synthetic_window_00122_s2_d2.png,train/4/meter_20200701_s3_d4.png|train/0/meter_20260210_s3_d0.png|train/2/meter_20260401_s2_d2.png|train/5/meter_20260416_s3_d5.png,122,2,4025
composed,5,train/5/synthetic_window_00122_s3_d5.png,train/4/meter_20200701_s3_d4.png|train/0/meter_20260210_s3_d0.png|train/2/meter_20260401_s2_d2.png|train/5/meter_20260416_s3_d5.png,122,3,4025
composed,3,train/3/synthetic_window_00123_s0_d3.png,train/3/meter_20260507_s1_d3.png|train/2/meter_20260423_s2_d2.png|train/7/meter_20260423_s3_d7.png|train/4/meter_20260224_s3_d4.png,123,0,3274
composed,2,train/2/synthetic_window_00123_s1_d2.png,train/3/meter_20260507_s1_d3.png|train/2/meter_20260423_s2_d2.png|train/7/meter_20260423_s3_d7.png|train/4/meter_20260224_s3_d4.png,123,1,3274
composed,7,train/7/synthetic_window_00123_s2_d7.png,train/3/meter_20260507_s1_d3.png|train/2/meter_20260423_s2_d2.png|train/7/meter_20260423_s3_d7.png|train/4/meter_20260224_s3_d4.png,123,2,3274
composed,4,train/4/synthetic_window_00123_s3_d4.png,train/3/meter_20260507_s1_d3.png|train/2/meter_20260423_s2_d2.png|train/7/meter_20260423_s3_d7.png|train/4/meter_20260224_s3_d4.png,123,3,3274
composed,9,train/9/synthetic_window_00124_s0_d9.png,train/9/meter_20251009_s3_d9.png|train/8/meter_20200701_s2_d8.png|train/2/meter_20260420_s2_d2.png|train/7/meter_20200701_s1_d7.png,124,0,9827
composed,8,train/8/synthetic_window_00124_s1_d8.png,train/9/meter_20251009_s3_d9.png|train/8/meter_20200701_s2_d8.png|train/2/meter_20260420_s2_d2.png|train/7/meter_20200701_s1_d7.png,124,1,9827
composed,2,train/2/synthetic_window_00124_s2_d2.png,train/9/meter_20251009_s3_d9.png|train/8/meter_20200701_s2_d8.png|train/2/meter_20260420_s2_d2.png|train/7/meter_20200701_s1_d7.png,124,2,9827
composed,7,train/7/synthetic_window_00124_s3_d7.png,train/9/meter_20251009_s3_d9.png|train/8/meter_20200701_s2_d8.png|train/2/meter_20260420_s2_d2.png|train/7/meter_20200701_s1_d7.png,124,3,9827
composed,0,train/0/synthetic_window_00125_s0_d0.png,train/0/meter_20260507_s3_d0.png|train/5/meter_20260416_s3_d5.png|train/1/meter_20260214_s3_d1.png|train/1/meter_20201111_s2_d1.png,125,0,0511
composed,5,train/5/synthetic_window_00125_s1_d5.png,train/0/meter_20260507_s3_d0.png|train/5/meter_20260416_s3_d5.png|train/1/meter_20260214_s3_d1.png|train/1/meter_20201111_s2_d1.png,125,1,0511
composed,1,train/1/synthetic_window_00125_s2_d1.png,train/0/meter_20260507_s3_d0.png|train/5/meter_20260416_s3_d5.png|train/1/meter_20260214_s3_d1.png|train/1/meter_20201111_s2_d1.png,125,2,0511
composed,1,train/1/synthetic_window_00125_s3_d1.png,train/0/meter_20260507_s3_d0.png|train/5/meter_20260416_s3_d5.png|train/1/meter_20260214_s3_d1.png|train/1/meter_20201111_s2_d1.png,125,3,0511
composed,6,train/6/synthetic_window_00126_s0_d6.png,train/6/meter_20260420_s3_d6.png|train/7/meter_20251009_s2_d7.png|train/6/meter_20260303_s3_d6.png|train/1/meter_20200701_s0_d1.png,126,0,6761
composed,7,train/7/synthetic_window_00126_s1_d7.png,train/6/meter_20260420_s3_d6.png|train/7/meter_20251009_s2_d7.png|train/6/meter_20260303_s3_d6.png|train/1/meter_20200701_s0_d1.png,126,1,6761
composed,6,train/6/synthetic_window_00126_s2_d6.png,train/6/meter_20260420_s3_d6.png|train/7/meter_20251009_s2_d7.png|train/6/meter_20260303_s3_d6.png|train/1/meter_20200701_s0_d1.png,126,2,6761
composed,1,train/1/synthetic_window_00126_s3_d1.png,train/6/meter_20260420_s3_d6.png|train/7/meter_20251009_s2_d7.png|train/6/meter_20260303_s3_d6.png|train/1/meter_20200701_s0_d1.png,126,3,6761
composed,9,train/9/synthetic_window_00127_s0_d9.png,train/9/meter_20201111_s3_d9.png|train/9/meter_20201111_s3_d9.png|train/3/meter_20260202_s1_d3.png|train/3/meter_20260409_s1_d3.png,127,0,9933
composed,9,train/9/synthetic_window_00127_s1_d9.png,train/9/meter_20201111_s3_d9.png|train/9/meter_20201111_s3_d9.png|train/3/meter_20260202_s1_d3.png|train/3/meter_20260409_s1_d3.png,127,1,9933
composed,3,train/3/synthetic_window_00127_s2_d3.png,train/9/meter_20201111_s3_d9.png|train/9/meter_20201111_s3_d9.png|train/3/meter_20260202_s1_d3.png|train/3/meter_20260409_s1_d3.png,127,2,9933
composed,3,train/3/synthetic_window_00127_s3_d3.png,train/9/meter_20201111_s3_d9.png|train/9/meter_20201111_s3_d9.png|train/3/meter_20260202_s1_d3.png|train/3/meter_20260409_s1_d3.png,127,3,9933
composed,2,train/2/synthetic_window_00128_s0_d2.png,train/2/meter_20260420_s0_d2.png|train/7/meter_20260307_s3_d7.png|train/2/meter_20260216_s3_d2.png|train/2/meter_20251009_s1_d2.png,128,0,2722
composed,7,train/7/synthetic_window_00128_s1_d7.png,train/2/meter_20260420_s0_d2.png|train/7/meter_20260307_s3_d7.png|train/2/meter_20260216_s3_d2.png|train/2/meter_20251009_s1_d2.png,128,1,2722
composed,2,train/2/synthetic_window_00128_s2_d2.png,train/2/meter_20260420_s0_d2.png|train/7/meter_20260307_s3_d7.png|train/2/meter_20260216_s3_d2.png|train/2/meter_20251009_s1_d2.png,128,2,2722
composed,2,train/2/synthetic_window_00128_s3_d2.png,train/2/meter_20260420_s0_d2.png|train/7/meter_20260307_s3_d7.png|train/2/meter_20260216_s3_d2.png|train/2/meter_20251009_s1_d2.png,128,3,2722
composed,1,train/1/synthetic_window_00129_s0_d1.png,train/1/meter_20201111_s2_d1.png|train/7/meter_20251009_s2_d7.png|train/2/meter_20260220_s0_d2.png|train/3/meter_20260524_s1_d3.png,129,0,1723
composed,7,train/7/synthetic_window_00129_s1_d7.png,train/1/meter_20201111_s2_d1.png|train/7/meter_20251009_s2_d7.png|train/2/meter_20260220_s0_d2.png|train/3/meter_20260524_s1_d3.png,129,1,1723
composed,2,train/2/synthetic_window_00129_s2_d2.png,train/1/meter_20201111_s2_d1.png|train/7/meter_20251009_s2_d7.png|train/2/meter_20260220_s0_d2.png|train/3/meter_20260524_s1_d3.png,129,2,1723
composed,3,train/3/synthetic_window_00129_s3_d3.png,train/1/meter_20201111_s2_d1.png|train/7/meter_20251009_s2_d7.png|train/2/meter_20260220_s0_d2.png|train/3/meter_20260524_s1_d3.png,129,3,1723
composed,1,train/1/synthetic_window_00130_s0_d1.png,train/1/meter_20260227_s2_d1.png|train/9/meter_20251009_s3_d9.png|train/2/meter_20260515_s0_d2.png|train/3/meter_20260515_s2_d3.png,130,0,1923
composed,9,train/9/synthetic_window_00130_s1_d9.png,train/1/meter_20260227_s2_d1.png|train/9/meter_20251009_s3_d9.png|train/2/meter_20260515_s0_d2.png|train/3/meter_20260515_s2_d3.png,130,1,1923
composed,2,train/2/synthetic_window_00130_s2_d2.png,train/1/meter_20260227_s2_d1.png|train/9/meter_20251009_s3_d9.png|train/2/meter_20260515_s0_d2.png|train/3/meter_20260515_s2_d3.png,130,2,1923
composed,3,train/3/synthetic_window_00130_s3_d3.png,train/1/meter_20260227_s2_d1.png|train/9/meter_20251009_s3_d9.png|train/2/meter_20260515_s0_d2.png|train/3/meter_20260515_s2_d3.png,130,3,1923
composed,5,train/5/synthetic_window_00131_s0_d5.png,train/5/meter_20260227_s3_d5.png|train/9/meter_20251009_s3_d9.png|train/8/meter_20260310_s3_d8.png|train/2/meter_20260409_s0_d2.png,131,0,5982
composed,9,train/9/synthetic_window_00131_s1_d9.png,train/5/meter_20260227_s3_d5.png|train/9/meter_20251009_s3_d9.png|train/8/meter_20260310_s3_d8.png|train/2/meter_20260409_s0_d2.png,131,1,5982
composed,8,train/8/synthetic_window_00131_s2_d8.png,train/5/meter_20260227_s3_d5.png|train/9/meter_20251009_s3_d9.png|train/8/meter_20260310_s3_d8.png|train/2/meter_20260409_s0_d2.png,131,2,5982
composed,2,train/2/synthetic_window_00131_s3_d2.png,train/5/meter_20260227_s3_d5.png|train/9/meter_20251009_s3_d9.png|train/8/meter_20260310_s3_d8.png|train/2/meter_20260409_s0_d2.png,131,3,5982
composed,2,train/2/synthetic_window_00132_s0_d2.png,train/2/meter_20260216_s3_d2.png|train/9/meter_20201111_s3_d9.png|train/2/meter_20260518_s0_d2.png|train/6/meter_20260303_s3_d6.png,132,0,2926
composed,9,train/9/synthetic_window_00132_s1_d9.png,train/2/meter_20260216_s3_d2.png|train/9/meter_20201111_s3_d9.png|train/2/meter_20260518_s0_d2.png|train/6/meter_20260303_s3_d6.png,132,1,2926
composed,2,train/2/synthetic_window_00132_s2_d2.png,train/2/meter_20260216_s3_d2.png|train/9/meter_20201111_s3_d9.png|train/2/meter_20260518_s0_d2.png|train/6/meter_20260303_s3_d6.png,132,2,2926
composed,6,train/6/synthetic_window_00132_s3_d6.png,train/2/meter_20260216_s3_d2.png|train/9/meter_20201111_s3_d9.png|train/2/meter_20260518_s0_d2.png|train/6/meter_20260303_s3_d6.png,132,3,2926
composed,5,train/5/synthetic_window_00133_s0_d5.png,train/5/meter_20260227_s3_d5.png|train/4/meter_20260224_s3_d4.png|train/7/meter_20260307_s3_d7.png|train/7/meter_20260130_s3_d7.png,133,0,5477
composed,4,train/4/synthetic_window_00133_s1_d4.png,train/5/meter_20260227_s3_d5.png|train/4/meter_20260224_s3_d4.png|train/7/meter_20260307_s3_d7.png|train/7/meter_20260130_s3_d7.png,133,1,5477
composed,7,train/7/synthetic_window_00133_s2_d7.png,train/5/meter_20260227_s3_d5.png|train/4/meter_20260224_s3_d4.png|train/7/meter_20260307_s3_d7.png|train/7/meter_20260130_s3_d7.png,133,2,5477
composed,7,train/7/synthetic_window_00133_s3_d7.png,train/5/meter_20260227_s3_d5.png|train/4/meter_20260224_s3_d4.png|train/7/meter_20260307_s3_d7.png|train/7/meter_20260130_s3_d7.png,133,3,5477
composed,0,train/0/synthetic_window_00134_s0_d0.png,train/0/meter_20260210_s3_d0.png|train/2/meter_20260521_s0_d2.png|train/7/meter_20251009_s2_d7.png|train/4/meter_20260521_s3_d4.png,134,0,0274
composed,2,train/2/synthetic_window_00134_s1_d2.png,train/0/meter_20260210_s3_d0.png|train/2/meter_20260521_s0_d2.png|train/7/meter_20251009_s2_d7.png|train/4/meter_20260521_s3_d4.png,134,1,0274
composed,7,train/7/synthetic_window_00134_s2_d7.png,train/0/meter_20260210_s3_d0.png|train/2/meter_20260521_s0_d2.png|train/7/meter_20251009_s2_d7.png|train/4/meter_20260521_s3_d4.png,134,2,0274
composed,4,train/4/synthetic_window_00134_s3_d4.png,train/0/meter_20260210_s3_d0.png|train/2/meter_20260521_s0_d2.png|train/7/meter_20251009_s2_d7.png|train/4/meter_20260521_s3_d4.png,134,3,0274
composed,3,train/3/synthetic_window_00135_s0_d3.png,train/3/meter_20260518_s2_d3.png|train/6/meter_20260420_s3_d6.png|train/8/meter_20260427_s3_d8.png|train/6/meter_20260420_s3_d6.png,135,0,3686
composed,6,train/6/synthetic_window_00135_s1_d6.png,train/3/meter_20260518_s2_d3.png|train/6/meter_20260420_s3_d6.png|train/8/meter_20260427_s3_d8.png|train/6/meter_20260420_s3_d6.png,135,1,3686
composed,8,train/8/synthetic_window_00135_s2_d8.png,train/3/meter_20260518_s2_d3.png|train/6/meter_20260420_s3_d6.png|train/8/meter_20260427_s3_d8.png|train/6/meter_20260420_s3_d6.png,135,2,3686
composed,6,train/6/synthetic_window_00135_s3_d6.png,train/3/meter_20260518_s2_d3.png|train/6/meter_20260420_s3_d6.png|train/8/meter_20260427_s3_d8.png|train/6/meter_20260420_s3_d6.png,135,3,3686
composed,3,train/3/synthetic_window_00136_s0_d3.png,train/3/meter_20260507_s1_d3.png|train/7/meter_20260307_s3_d7.png|train/4/meter_20200701_s3_d4.png|train/5/meter_20260524_s3_d5.png,136,0,3745
composed,7,train/7/synthetic_window_00136_s1_d7.png,train/3/meter_20260507_s1_d3.png|train/7/meter_20260307_s3_d7.png|train/4/meter_20200701_s3_d4.png|train/5/meter_20260524_s3_d5.png,136,1,3745
composed,4,train/4/synthetic_window_00136_s2_d4.png,train/3/meter_20260507_s1_d3.png|train/7/meter_20260307_s3_d7.png|train/4/meter_20200701_s3_d4.png|train/5/meter_20260524_s3_d5.png,136,2,3745
composed,5,train/5/synthetic_window_00136_s3_d5.png,train/3/meter_20260507_s1_d3.png|train/7/meter_20260307_s3_d7.png|train/4/meter_20200701_s3_d4.png|train/5/meter_20260524_s3_d5.png,136,3,3745
composed,4,train/4/synthetic_window_00137_s0_d4.png,train/4/meter_20260224_s3_d4.png|train/6/meter_20260420_s3_d6.png|train/0/meter_20260323_s3_d0.png|train/7/meter_20251009_s2_d7.png,137,0,4607
composed,6,train/6/synthetic_window_00137_s1_d6.png,train/4/meter_20260224_s3_d4.png|train/6/meter_20260420_s3_d6.png|train/0/meter_20260323_s3_d0.png|train/7/meter_20251009_s2_d7.png,137,1,4607
composed,0,train/0/synthetic_window_00137_s2_d0.png,train/4/meter_20260224_s3_d4.png|train/6/meter_20260420_s3_d6.png|train/0/meter_20260323_s3_d0.png|train/7/meter_20251009_s2_d7.png,137,2,4607
composed,7,train/7/synthetic_window_00137_s3_d7.png,train/4/meter_20260224_s3_d4.png|train/6/meter_20260420_s3_d6.png|train/0/meter_20260323_s3_d0.png|train/7/meter_20251009_s2_d7.png,137,3,4607
composed,2,train/2/synthetic_window_00138_s0_d2.png,train/2/meter_20251009_s1_d2.png|train/7/meter_20260423_s3_d7.png|train/8/meter_20201111_s1_d8.png|train/8/meter_20260310_s3_d8.png,138,0,2788
composed,7,train/7/synthetic_window_00138_s1_d7.png,train/2/meter_20251009_s1_d2.png|train/7/meter_20260423_s3_d7.png|train/8/meter_20201111_s1_d8.png|train/8/meter_20260310_s3_d8.png,138,1,2788
composed,8,train/8/synthetic_window_00138_s2_d8.png,train/2/meter_20251009_s1_d2.png|train/7/meter_20260423_s3_d7.png|train/8/meter_20201111_s1_d8.png|train/8/meter_20260310_s3_d8.png,138,2,2788
composed,8,train/8/synthetic_window_00138_s3_d8.png,train/2/meter_20251009_s1_d2.png|train/7/meter_20260423_s3_d7.png|train/8/meter_20201111_s1_d8.png|train/8/meter_20260310_s3_d8.png,138,3,2788
composed,9,train/9/synthetic_window_00139_s0_d9.png,train/9/meter_20251009_s3_d9.png|train/7/meter_20260423_s3_d7.png|train/4/meter_20260224_s3_d4.png|train/0/meter_20260323_s3_d0.png,139,0,9740
composed,7,train/7/synthetic_window_00139_s1_d7.png,train/9/meter_20251009_s3_d9.png|train/7/meter_20260423_s3_d7.png|train/4/meter_20260224_s3_d4.png|train/0/meter_20260323_s3_d0.png,139,1,9740
composed,4,train/4/synthetic_window_00139_s2_d4.png,train/9/meter_20251009_s3_d9.png|train/7/meter_20260423_s3_d7.png|train/4/meter_20260224_s3_d4.png|train/0/meter_20260323_s3_d0.png,139,2,9740
composed,0,train/0/synthetic_window_00139_s3_d0.png,train/9/meter_20251009_s3_d9.png|train/7/meter_20260423_s3_d7.png|train/4/meter_20260224_s3_d4.png|train/0/meter_20260323_s3_d0.png,139,3,9740
composed,7,train/7/synthetic_window_00140_s0_d7.png,train/7/meter_20260307_s3_d7.png|train/2/meter_20260210_s0_d2.png|train/8/meter_20260202_s3_d8.png|train/3/meter_20260512_s1_d3.png,140,0,7283
composed,2,train/2/synthetic_window_00140_s1_d2.png,train/7/meter_20260307_s3_d7.png|train/2/meter_20260210_s0_d2.png|train/8/meter_20260202_s3_d8.png|train/3/meter_20260512_s1_d3.png,140,1,7283
composed,8,train/8/synthetic_window_00140_s2_d8.png,train/7/meter_20260307_s3_d7.png|train/2/meter_20260210_s0_d2.png|train/8/meter_20260202_s3_d8.png|train/3/meter_20260512_s1_d3.png,140,2,7283
composed,3,train/3/synthetic_window_00140_s3_d3.png,train/7/meter_20260307_s3_d7.png|train/2/meter_20260210_s0_d2.png|train/8/meter_20260202_s3_d8.png|train/3/meter_20260512_s1_d3.png,140,3,7283
composed,3,train/3/synthetic_window_00141_s0_d3.png,train/3/meter_20260310_s1_d3.png|train/5/meter_20260227_s3_d5.png|train/6/meter_20260303_s3_d6.png|train/9/meter_20251009_s3_d9.png,141,0,3569
composed,5,train/5/synthetic_window_00141_s1_d5.png,train/3/meter_20260310_s1_d3.png|train/5/meter_20260227_s3_d5.png|train/6/meter_20260303_s3_d6.png|train/9/meter_20251009_s3_d9.png,141,1,3569
composed,6,train/6/synthetic_window_00141_s2_d6.png,train/3/meter_20260310_s1_d3.png|train/5/meter_20260227_s3_d5.png|train/6/meter_20260303_s3_d6.png|train/9/meter_20251009_s3_d9.png,141,2,3569
composed,9,train/9/synthetic_window_00141_s3_d9.png,train/3/meter_20260310_s1_d3.png|train/5/meter_20260227_s3_d5.png|train/6/meter_20260303_s3_d6.png|train/9/meter_20251009_s3_d9.png,141,3,3569
composed,6,train/6/synthetic_window_00142_s0_d6.png,train/6/meter_20260303_s3_d6.png|train/2/meter_20260224_s0_d2.png|train/1/meter_20260210_s2_d1.png|train/2/meter_20260401_s2_d2.png,142,0,6212
composed,2,train/2/synthetic_window_00142_s1_d2.png,train/6/meter_20260303_s3_d6.png|train/2/meter_20260224_s0_d2.png|train/1/meter_20260210_s2_d1.png|train/2/meter_20260401_s2_d2.png,142,1,6212
composed,1,train/1/synthetic_window_00142_s2_d1.png,train/6/meter_20260303_s3_d6.png|train/2/meter_20260224_s0_d2.png|train/1/meter_20260210_s2_d1.png|train/2/meter_20260401_s2_d2.png,142,2,6212
composed,2,train/2/synthetic_window_00142_s3_d2.png,train/6/meter_20260303_s3_d6.png|train/2/meter_20260224_s0_d2.png|train/1/meter_20260210_s2_d1.png|train/2/meter_20260401_s2_d2.png,142,3,6212
composed,2,train/2/synthetic_window_00143_s0_d2.png,train/2/meter_20260401_s3_d2.png|train/2/meter_20260420_s2_d2.png|train/3/meter_20260323_s1_d3.png|train/7/meter_20200701_s1_d7.png,143,0,2237
composed,2,train/2/synthetic_window_00143_s1_d2.png,train/2/meter_20260401_s3_d2.png|train/2/meter_20260420_s2_d2.png|train/3/meter_20260323_s1_d3.png|train/7/meter_20200701_s1_d7.png,143,1,2237
composed,3,train/3/synthetic_window_00143_s2_d3.png,train/2/meter_20260401_s3_d2.png|train/2/meter_20260420_s2_d2.png|train/3/meter_20260323_s1_d3.png|train/7/meter_20200701_s1_d7.png,143,2,2237
composed,7,train/7/synthetic_window_00143_s3_d7.png,train/2/meter_20260401_s3_d2.png|train/2/meter_20260420_s2_d2.png|train/3/meter_20260323_s1_d3.png|train/7/meter_20200701_s1_d7.png,143,3,2237
composed,6,train/6/synthetic_window_00144_s0_d6.png,train/6/meter_20260303_s3_d6.png|train/9/meter_20201111_s3_d9.png|train/6/meter_20260420_s3_d6.png|train/3/meter_20260416_s1_d3.png,144,0,6963
composed,9,train/9/synthetic_window_00144_s1_d9.png,train/6/meter_20260303_s3_d6.png|train/9/meter_20201111_s3_d9.png|train/6/meter_20260420_s3_d6.png|train/3/meter_20260416_s1_d3.png,144,1,6963
composed,6,train/6/synthetic_window_00144_s2_d6.png,train/6/meter_20260303_s3_d6.png|train/9/meter_20201111_s3_d9.png|train/6/meter_20260420_s3_d6.png|train/3/meter_20260416_s1_d3.png,144,2,6963
composed,3,train/3/synthetic_window_00144_s3_d3.png,train/6/meter_20260303_s3_d6.png|train/9/meter_20201111_s3_d9.png|train/6/meter_20260420_s3_d6.png|train/3/meter_20260416_s1_d3.png,144,3,6963
composed,0,train/0/synthetic_window_00145_s0_d0.png,train/0/meter_20260507_s3_d0.png|train/5/meter_20260524_s3_d5.png|train/3/meter_20260515_s2_d3.png|train/0/meter_20260202_s2_d0.png,145,0,0530
composed,5,train/5/synthetic_window_00145_s1_d5.png,train/0/meter_20260507_s3_d0.png|train/5/meter_20260524_s3_d5.png|train/3/meter_20260515_s2_d3.png|train/0/meter_20260202_s2_d0.png,145,1,0530
composed,3,train/3/synthetic_window_00145_s2_d3.png,train/0/meter_20260507_s3_d0.png|train/5/meter_20260524_s3_d5.png|train/3/meter_20260515_s2_d3.png|train/0/meter_20260202_s2_d0.png,145,2,0530
composed,0,train/0/synthetic_window_00145_s3_d0.png,train/0/meter_20260507_s3_d0.png|train/5/meter_20260524_s3_d5.png|train/3/meter_20260515_s2_d3.png|train/0/meter_20260202_s2_d0.png,145,3,0530
composed,8,train/8/synthetic_window_00146_s0_d8.png,train/8/meter_20200701_s2_d8.png|train/1/meter_20201111_s0_d1.png|train/3/meter_20260427_s1_d3.png|train/9/meter_20201111_s3_d9.png,146,0,8139
composed,1,train/1/synthetic_window_00146_s1_d1.png,train/8/meter_20200701_s2_d8.png|train/1/meter_20201111_s0_d1.png|train/3/meter_20260427_s1_d3.png|train/9/meter_20201111_s3_d9.png,146,1,8139
composed,3,train/3/synthetic_window_00146_s2_d3.png,train/8/meter_20200701_s2_d8.png|train/1/meter_20201111_s0_d1.png|train/3/meter_20260427_s1_d3.png|train/9/meter_20201111_s3_d9.png,146,2,8139
composed,9,train/9/synthetic_window_00146_s3_d9.png,train/8/meter_20200701_s2_d8.png|train/1/meter_20201111_s0_d1.png|train/3/meter_20260427_s1_d3.png|train/9/meter_20201111_s3_d9.png,146,3,8139
composed,9,train/9/synthetic_window_00147_s0_d9.png,train/9/meter_20251009_s3_d9.png|train/9/meter_20201111_s3_d9.png|train/8/meter_20201111_s1_d8.png|train/1/meter_20260307_s2_d1.png,147,0,9981
composed,9,train/9/synthetic_window_00147_s1_d9.png,train/9/meter_20251009_s3_d9.png|train/9/meter_20201111_s3_d9.png|train/8/meter_20201111_s1_d8.png|train/1/meter_20260307_s2_d1.png,147,1,9981
composed,8,train/8/synthetic_window_00147_s2_d8.png,train/9/meter_20251009_s3_d9.png|train/9/meter_20201111_s3_d9.png|train/8/meter_20201111_s1_d8.png|train/1/meter_20260307_s2_d1.png,147,2,9981
composed,1,train/1/synthetic_window_00147_s3_d1.png,train/9/meter_20251009_s3_d9.png|train/9/meter_20201111_s3_d9.png|train/8/meter_20201111_s1_d8.png|train/1/meter_20260307_s2_d1.png,147,3,9981
composed,6,train/6/synthetic_window_00148_s0_d6.png,train/6/meter_20260420_s3_d6.png|train/7/meter_20251009_s2_d7.png|train/3/meter_20260515_s1_d3.png|train/7/meter_20200701_s1_d7.png,148,0,6737
composed,7,train/7/synthetic_window_00148_s1_d7.png,train/6/meter_20260420_s3_d6.png|train/7/meter_20251009_s2_d7.png|train/3/meter_20260515_s1_d3.png|train/7/meter_20200701_s1_d7.png,148,1,6737
composed,3,train/3/synthetic_window_00148_s2_d3.png,train/6/meter_20260420_s3_d6.png|train/7/meter_20251009_s2_d7.png|train/3/meter_20260515_s1_d3.png|train/7/meter_20200701_s1_d7.png,148,2,6737
composed,7,train/7/synthetic_window_00148_s3_d7.png,train/6/meter_20260420_s3_d6.png|train/7/meter_20251009_s2_d7.png|train/3/meter_20260515_s1_d3.png|train/7/meter_20200701_s1_d7.png,148,3,6737
composed,2,train/2/synthetic_window_00149_s0_d2.png,train/2/meter_20260130_s0_d2.png|train/9/meter_20251009_s3_d9.png|train/7/meter_20200701_s1_d7.png|train/6/meter_20260420_s3_d6.png,149,0,2976
composed,9,train/9/synthetic_window_00149_s1_d9.png,train/2/meter_20260130_s0_d2.png|train/9/meter_20251009_s3_d9.png|train/7/meter_20200701_s1_d7.png|train/6/meter_20260420_s3_d6.png,149,1,2976
composed,7,train/7/synthetic_window_00149_s2_d7.png,train/2/meter_20260130_s0_d2.png|train/9/meter_20251009_s3_d9.png|train/7/meter_20200701_s1_d7.png|train/6/meter_20260420_s3_d6.png,149,2,2976
composed,6,train/6/synthetic_window_00149_s3_d6.png,train/2/meter_20260130_s0_d2.png|train/9/meter_20251009_s3_d9.png|train/7/meter_20200701_s1_d7.png|train/6/meter_20260420_s3_d6.png,149,3,2976
composed,1,train/1/synthetic_window_00150_s0_d1.png,train/1/meter_20260227_s2_d1.png|train/5/meter_20260227_s3_d5.png|train/6/meter_20260420_s3_d6.png|train/4/meter_20260224_s3_d4.png,150,0,1564
composed,5,train/5/synthetic_window_00150_s1_d5.png,train/1/meter_20260227_s2_d1.png|train/5/meter_20260227_s3_d5.png|train/6/meter_20260420_s3_d6.png|train/4/meter_20260224_s3_d4.png,150,1,1564
composed,6,train/6/synthetic_window_00150_s2_d6.png,train/1/meter_20260227_s2_d1.png|train/5/meter_20260227_s3_d5.png|train/6/meter_20260420_s3_d6.png|train/4/meter_20260224_s3_d4.png,150,2,1564
composed,4,train/4/synthetic_window_00150_s3_d4.png,train/1/meter_20260227_s2_d1.png|train/5/meter_20260227_s3_d5.png|train/6/meter_20260420_s3_d6.png|train/4/meter_20260224_s3_d4.png,150,3,1564
composed,2,train/2/synthetic_window_00151_s0_d2.png,train/2/meter_20260416_s2_d2.png|train/7/meter_20260423_s3_d7.png|train/4/meter_20260521_s3_d4.png|train/1/meter_20260214_s3_d1.png,151,0,2741
composed,7,train/7/synthetic_window_00151_s1_d7.png,train/2/meter_20260416_s2_d2.png|train/7/meter_20260423_s3_d7.png|train/4/meter_20260521_s3_d4.png|train/1/meter_20260214_s3_d1.png,151,1,2741
composed,4,train/4/synthetic_window_00151_s2_d4.png,train/2/meter_20260416_s2_d2.png|train/7/meter_20260423_s3_d7.png|train/4/meter_20260521_s3_d4.png|train/1/meter_20260214_s3_d1.png,151,2,2741
composed,1,train/1/synthetic_window_00151_s3_d1.png,train/2/meter_20260416_s2_d2.png|train/7/meter_20260423_s3_d7.png|train/4/meter_20260521_s3_d4.png|train/1/meter_20260214_s3_d1.png,151,3,2741
composed,1,train/1/synthetic_window_00152_s0_d1.png,train/1/meter_20200701_s0_d1.png|train/5/meter_20260524_s3_d5.png|train/7/meter_20260130_s3_d7.png|train/6/meter_20260303_s3_d6.png,152,0,1576
composed,5,train/5/synthetic_window_00152_s1_d5.png,train/1/meter_20200701_s0_d1.png|train/5/meter_20260524_s3_d5.png|train/7/meter_20260130_s3_d7.png|train/6/meter_20260303_s3_d6.png,152,1,1576
composed,7,train/7/synthetic_window_00152_s2_d7.png,train/1/meter_20200701_s0_d1.png|train/5/meter_20260524_s3_d5.png|train/7/meter_20260130_s3_d7.png|train/6/meter_20260303_s3_d6.png,152,2,1576
composed,6,train/6/synthetic_window_00152_s3_d6.png,train/1/meter_20200701_s0_d1.png|train/5/meter_20260524_s3_d5.png|train/7/meter_20260130_s3_d7.png|train/6/meter_20260303_s3_d6.png,152,3,1576
composed,2,train/2/synthetic_window_00153_s0_d2.png,train/2/meter_20260413_s2_d2.png|train/2/meter_20260401_s3_d2.png|train/1/meter_20260310_s2_d1.png|train/5/meter_20260227_s3_d5.png,153,0,2215
composed,2,train/2/synthetic_window_00153_s1_d2.png,train/2/meter_20260413_s2_d2.png|train/2/meter_20260401_s3_d2.png|train/1/meter_20260310_s2_d1.png|train/5/meter_20260227_s3_d5.png,153,1,2215
composed,1,train/1/synthetic_window_00153_s2_d1.png,train/2/meter_20260413_s2_d2.png|train/2/meter_20260401_s3_d2.png|train/1/meter_20260310_s2_d1.png|train/5/meter_20260227_s3_d5.png,153,2,2215
composed,5,train/5/synthetic_window_00153_s3_d5.png,train/2/meter_20260413_s2_d2.png|train/2/meter_20260401_s3_d2.png|train/1/meter_20260310_s2_d1.png|train/5/meter_20260227_s3_d5.png,153,3,2215
composed,9,train/9/synthetic_window_00154_s0_d9.png,train/9/meter_20201111_s3_d9.png|train/4/meter_20260413_s3_d4.png|train/1/meter_20260512_s3_d1.png|train/0/meter_20260210_s3_d0.png,154,0,9410
composed,4,train/4/synthetic_window_00154_s1_d4.png,train/9/meter_20201111_s3_d9.png|train/4/meter_20260413_s3_d4.png|train/1/meter_20260512_s3_d1.png|train/0/meter_20260210_s3_d0.png,154,1,9410
composed,1,train/1/synthetic_window_00154_s2_d1.png,train/9/meter_20201111_s3_d9.png|train/4/meter_20260413_s3_d4.png|train/1/meter_20260512_s3_d1.png|train/0/meter_20260210_s3_d0.png,154,2,9410
composed,0,train/0/synthetic_window_00154_s3_d0.png,train/9/meter_20201111_s3_d9.png|train/4/meter_20260413_s3_d4.png|train/1/meter_20260512_s3_d1.png|train/0/meter_20260210_s3_d0.png,154,3,9410
composed,5,train/5/synthetic_window_00155_s0_d5.png,train/5/meter_20260524_s3_d5.png|train/7/meter_20260307_s3_d7.png|train/3/meter_20260303_s1_d3.png|train/0/meter_20260507_s3_d0.png,155,0,5730
composed,7,train/7/synthetic_window_00155_s1_d7.png,train/5/meter_20260524_s3_d5.png|train/7/meter_20260307_s3_d7.png|train/3/meter_20260303_s1_d3.png|train/0/meter_20260507_s3_d0.png,155,1,5730
composed,3,train/3/synthetic_window_00155_s2_d3.png,train/5/meter_20260524_s3_d5.png|train/7/meter_20260307_s3_d7.png|train/3/meter_20260303_s1_d3.png|train/0/meter_20260507_s3_d0.png,155,2,5730
composed,0,train/0/synthetic_window_00155_s3_d0.png,train/5/meter_20260524_s3_d5.png|train/7/meter_20260307_s3_d7.png|train/3/meter_20260303_s1_d3.png|train/0/meter_20260507_s3_d0.png,155,3,5730
composed,8,train/8/synthetic_window_00156_s0_d8.png,train/8/meter_20201111_s1_d8.png|train/2/meter_20251009_s1_d2.png|train/6/meter_20260420_s3_d6.png|train/0/meter_20260507_s3_d0.png,156,0,8260
composed,2,train/2/synthetic_window_00156_s1_d2.png,train/8/meter_20201111_s1_d8.png|train/2/meter_20251009_s1_d2.png|train/6/meter_20260420_s3_d6.png|train/0/meter_20260507_s3_d0.png,156,1,8260
composed,6,train/6/synthetic_window_00156_s2_d6.png,train/8/meter_20201111_s1_d8.png|train/2/meter_20251009_s1_d2.png|train/6/meter_20260420_s3_d6.png|train/0/meter_20260507_s3_d0.png,156,2,8260
composed,0,train/0/synthetic_window_00156_s3_d0.png,train/8/meter_20201111_s1_d8.png|train/2/meter_20251009_s1_d2.png|train/6/meter_20260420_s3_d6.png|train/0/meter_20260507_s3_d0.png,156,3,8260
composed,1,train/1/synthetic_window_00157_s0_d1.png,train/1/meter_20200701_s0_d1.png|train/9/meter_20251009_s3_d9.png|train/6/meter_20260420_s3_d6.png|train/3/meter_20260214_s1_d3.png,157,0,1963
composed,9,train/9/synthetic_window_00157_s1_d9.png,train/1/meter_20200701_s0_d1.png|train/9/meter_20251009_s3_d9.png|train/6/meter_20260420_s3_d6.png|train/3/meter_20260214_s1_d3.png,157,1,1963
composed,6,train/6/synthetic_window_00157_s2_d6.png,train/1/meter_20200701_s0_d1.png|train/9/meter_20251009_s3_d9.png|train/6/meter_20260420_s3_d6.png|train/3/meter_20260214_s1_d3.png,157,2,1963
composed,3,train/3/synthetic_window_00157_s3_d3.png,train/1/meter_20200701_s0_d1.png|train/9/meter_20251009_s3_d9.png|train/6/meter_20260420_s3_d6.png|train/3/meter_20260214_s1_d3.png,157,3,1963
composed,9,train/9/synthetic_window_00158_s0_d9.png,train/9/meter_20201111_s3_d9.png|train/9/meter_20251009_s3_d9.png|train/4/meter_20200701_s3_d4.png|train/8/meter_20201111_s1_d8.png,158,0,9948
composed,9,train/9/synthetic_window_00158_s1_d9.png,train/9/meter_20201111_s3_d9.png|train/9/meter_20251009_s3_d9.png|train/4/meter_20200701_s3_d4.png|train/8/meter_20201111_s1_d8.png,158,1,9948
composed,4,train/4/synthetic_window_00158_s2_d4.png,train/9/meter_20201111_s3_d9.png|train/9/meter_20251009_s3_d9.png|train/4/meter_20200701_s3_d4.png|train/8/meter_20201111_s1_d8.png,158,2,9948
composed,8,train/8/synthetic_window_00158_s3_d8.png,train/9/meter_20201111_s3_d9.png|train/9/meter_20251009_s3_d9.png|train/4/meter_20200701_s3_d4.png|train/8/meter_20201111_s1_d8.png,158,3,9948
composed,5,train/5/synthetic_window_00159_s0_d5.png,train/5/meter_20260524_s3_d5.png|train/8/meter_20260310_s3_d8.png|train/6/meter_20260420_s3_d6.png|train/8/meter_20260202_s3_d8.png,159,0,5868
composed,8,train/8/synthetic_window_00159_s1_d8.png,train/5/meter_20260524_s3_d5.png|train/8/meter_20260310_s3_d8.png|train/6/meter_20260420_s3_d6.png|train/8/meter_20260202_s3_d8.png,159,1,5868
composed,6,train/6/synthetic_window_00159_s2_d6.png,train/5/meter_20260524_s3_d5.png|train/8/meter_20260310_s3_d8.png|train/6/meter_20260420_s3_d6.png|train/8/meter_20260202_s3_d8.png,159,2,5868
composed,8,train/8/synthetic_window_00159_s3_d8.png,train/5/meter_20260524_s3_d5.png|train/8/meter_20260310_s3_d8.png|train/6/meter_20260420_s3_d6.png|train/8/meter_20260202_s3_d8.png,159,3,5868
composed,0,train/0/synthetic_window_00160_s0_d0.png,train/0/meter_20260323_s3_d0.png|train/0/meter_20260202_s2_d0.png|train/6/meter_20260420_s3_d6.png|train/1/meter_20260512_s3_d1.png,160,0,0061
composed,0,train/0/synthetic_window_00160_s1_d0.png,train/0/meter_20260323_s3_d0.png|train/0/meter_20260202_s2_d0.png|train/6/meter_20260420_s3_d6.png|train/1/meter_20260512_s3_d1.png,160,1,0061
composed,6,train/6/synthetic_window_00160_s2_d6.png,train/0/meter_20260323_s3_d0.png|train/0/meter_20260202_s2_d0.png|train/6/meter_20260420_s3_d6.png|train/1/meter_20260512_s3_d1.png,160,2,0061
composed,1,train/1/synthetic_window_00160_s3_d1.png,train/0/meter_20260323_s3_d0.png|train/0/meter_20260202_s2_d0.png|train/6/meter_20260420_s3_d6.png|train/1/meter_20260512_s3_d1.png,160,3,0061
composed,7,train/7/synthetic_window_00161_s0_d7.png,train/7/meter_20251009_s2_d7.png|train/3/meter_20260401_s1_d3.png|train/9/meter_20251009_s3_d9.png|train/1/meter_20260307_s2_d1.png,161,0,7391
composed,3,train/3/synthetic_window_00161_s1_d3.png,train/7/meter_20251009_s2_d7.png|train/3/meter_20260401_s1_d3.png|train/9/meter_20251009_s3_d9.png|train/1/meter_20260307_s2_d1.png,161,1,7391
composed,9,train/9/synthetic_window_00161_s2_d9.png,train/7/meter_20251009_s2_d7.png|train/3/meter_20260401_s1_d3.png|train/9/meter_20251009_s3_d9.png|train/1/meter_20260307_s2_d1.png,161,2,7391
composed,1,train/1/synthetic_window_00161_s3_d1.png,train/7/meter_20251009_s2_d7.png|train/3/meter_20260401_s1_d3.png|train/9/meter_20251009_s3_d9.png|train/1/meter_20260307_s2_d1.png,161,3,7391
composed,5,train/5/synthetic_window_00162_s0_d5.png,train/5/meter_20260227_s3_d5.png|train/4/meter_20260521_s3_d4.png|train/7/meter_20251009_s2_d7.png|train/4/meter_20200701_s3_d4.png,162,0,5474
composed,4,train/4/synthetic_window_00162_s1_d4.png,train/5/meter_20260227_s3_d5.png|train/4/meter_20260521_s3_d4.png|train/7/meter_20251009_s2_d7.png|train/4/meter_20200701_s3_d4.png,162,1,5474
composed,7,train/7/synthetic_window_00162_s2_d7.png,train/5/meter_20260227_s3_d5.png|train/4/meter_20260521_s3_d4.png|train/7/meter_20251009_s2_d7.png|train/4/meter_20200701_s3_d4.png,162,2,5474
composed,4,train/4/synthetic_window_00162_s3_d4.png,train/5/meter_20260227_s3_d5.png|train/4/meter_20260521_s3_d4.png|train/7/meter_20251009_s2_d7.png|train/4/meter_20200701_s3_d4.png,162,3,5474
composed,3,train/3/synthetic_window_00163_s0_d3.png,train/3/meter_20260401_s1_d3.png|train/6/meter_20260420_s3_d6.png|train/0/meter_20260323_s3_d0.png|train/8/meter_20260310_s3_d8.png,163,0,3608
composed,6,train/6/synthetic_window_00163_s1_d6.png,train/3/meter_20260401_s1_d3.png|train/6/meter_20260420_s3_d6.png|train/0/meter_20260323_s3_d0.png|train/8/meter_20260310_s3_d8.png,163,1,3608
composed,0,train/0/synthetic_window_00163_s2_d0.png,train/3/meter_20260401_s1_d3.png|train/6/meter_20260420_s3_d6.png|train/0/meter_20260323_s3_d0.png|train/8/meter_20260310_s3_d8.png,163,2,3608
composed,8,train/8/synthetic_window_00163_s3_d8.png,train/3/meter_20260401_s1_d3.png|train/6/meter_20260420_s3_d6.png|train/0/meter_20260323_s3_d0.png|train/8/meter_20260310_s3_d8.png,163,3,3608
composed,1,train/1/synthetic_window_00164_s0_d1.png,train/1/meter_20260220_s2_d1.png|train/0/meter_20260130_s2_d0.png|train/3/meter_20260515_s1_d3.png|train/0/meter_20260202_s2_d0.png,164,0,1030
composed,0,train/0/synthetic_window_00164_s1_d0.png,train/1/meter_20260220_s2_d1.png|train/0/meter_20260130_s2_d0.png|train/3/meter_20260515_s1_d3.png|train/0/meter_20260202_s2_d0.png,164,1,1030
composed,3,train/3/synthetic_window_00164_s2_d3.png,train/1/meter_20260220_s2_d1.png|train/0/meter_20260130_s2_d0.png|train/3/meter_20260515_s1_d3.png|train/0/meter_20260202_s2_d0.png,164,2,1030
composed,0,train/0/synthetic_window_00164_s3_d0.png,train/1/meter_20260220_s2_d1.png|train/0/meter_20260130_s2_d0.png|train/3/meter_20260515_s1_d3.png|train/0/meter_20260202_s2_d0.png,164,3,1030
composed,3,train/3/synthetic_window_00165_s0_d3.png,train/3/meter_20260216_s1_d3.png|train/6/meter_20260303_s3_d6.png|train/1/meter_20260303_s2_d1.png|train/2/meter_20260409_s0_d2.png,165,0,3612
composed,6,train/6/synthetic_window_00165_s1_d6.png,train/3/meter_20260216_s1_d3.png|train/6/meter_20260303_s3_d6.png|train/1/meter_20260303_s2_d1.png|train/2/meter_20260409_s0_d2.png,165,1,3612
composed,1,train/1/synthetic_window_00165_s2_d1.png,train/3/meter_20260216_s1_d3.png|train/6/meter_20260303_s3_d6.png|train/1/meter_20260303_s2_d1.png|train/2/meter_20260409_s0_d2.png,165,2,3612
composed,2,train/2/synthetic_window_00165_s3_d2.png,train/3/meter_20260216_s1_d3.png|train/6/meter_20260303_s3_d6.png|train/1/meter_20260303_s2_d1.png|train/2/meter_20260409_s0_d2.png,165,3,3612
composed,0,train/0/synthetic_window_00166_s0_d0.png,train/0/meter_20260210_s3_d0.png|train/5/meter_20260524_s3_d5.png|train/1/meter_20201111_s0_d1.png|train/4/meter_20260413_s3_d4.png,166,0,0514
composed,5,train/5/synthetic_window_00166_s1_d5.png,train/0/meter_20260210_s3_d0.png|train/5/meter_20260524_s3_d5.png|train/1/meter_20201111_s0_d1.png|train/4/meter_20260413_s3_d4.png,166,1,0514
composed,1,train/1/synthetic_window_00166_s2_d1.png,train/0/meter_20260210_s3_d0.png|train/5/meter_20260524_s3_d5.png|train/1/meter_20201111_s0_d1.png|train/4/meter_20260413_s3_d4.png,166,2,0514
composed,4,train/4/synthetic_window_00166_s3_d4.png,train/0/meter_20260210_s3_d0.png|train/5/meter_20260524_s3_d5.png|train/1/meter_20201111_s0_d1.png|train/4/meter_20260413_s3_d4.png,166,3,0514
composed,6,train/6/synthetic_window_00167_s0_d6.png,train/6/meter_20260420_s3_d6.png|train/7/meter_20260307_s3_d7.png|train/5/meter_20260416_s3_d5.png|train/3/meter_20260512_s1_d3.png,167,0,6753
composed,7,train/7/synthetic_window_00167_s1_d7.png,train/6/meter_20260420_s3_d6.png|train/7/meter_20260307_s3_d7.png|train/5/meter_20260416_s3_d5.png|train/3/meter_20260512_s1_d3.png,167,1,6753
composed,5,train/5/synthetic_window_00167_s2_d5.png,train/6/meter_20260420_s3_d6.png|train/7/meter_20260307_s3_d7.png|train/5/meter_20260416_s3_d5.png|train/3/meter_20260512_s1_d3.png,167,2,6753
composed,3,train/3/synthetic_window_00167_s3_d3.png,train/6/meter_20260420_s3_d6.png|train/7/meter_20260307_s3_d7.png|train/5/meter_20260416_s3_d5.png|train/3/meter_20260512_s1_d3.png,167,3,6753
composed,2,train/2/synthetic_window_00168_s0_d2.png,train/2/meter_20260409_s2_d2.png|train/4/meter_20200701_s3_d4.png|train/7/meter_20251009_s2_d7.png|train/4/meter_20260521_s3_d4.png,168,0,2474
composed,4,train/4/synthetic_window_00168_s1_d4.png,train/2/meter_20260409_s2_d2.png|train/4/meter_20200701_s3_d4.png|train/7/meter_20251009_s2_d7.png|train/4/meter_20260521_s3_d4.png,168,1,2474
composed,7,train/7/synthetic_window_00168_s2_d7.png,train/2/meter_20260409_s2_d2.png|train/4/meter_20200701_s3_d4.png|train/7/meter_20251009_s2_d7.png|train/4/meter_20260521_s3_d4.png,168,2,2474
composed,4,train/4/synthetic_window_00168_s3_d4.png,train/2/meter_20260409_s2_d2.png|train/4/meter_20200701_s3_d4.png|train/7/meter_20251009_s2_d7.png|train/4/meter_20260521_s3_d4.png,168,3,2474
composed,3,train/3/synthetic_window_00169_s0_d3.png,train/3/meter_20260524_s1_d3.png|train/9/meter_20201111_s3_d9.png|train/7/meter_20260423_s3_d7.png|train/2/meter_20260409_s0_d2.png,169,0,3972
composed,9,train/9/synthetic_window_00169_s1_d9.png,train/3/meter_20260524_s1_d3.png|train/9/meter_20201111_s3_d9.png|train/7/meter_20260423_s3_d7.png|train/2/meter_20260409_s0_d2.png,169,1,3972
composed,7,train/7/synthetic_window_00169_s2_d7.png,train/3/meter_20260524_s1_d3.png|train/9/meter_20201111_s3_d9.png|train/7/meter_20260423_s3_d7.png|train/2/meter_20260409_s0_d2.png,169,2,3972
composed,2,train/2/synthetic_window_00169_s3_d2.png,train/3/meter_20260524_s1_d3.png|train/9/meter_20201111_s3_d9.png|train/7/meter_20260423_s3_d7.png|train/2/meter_20260409_s0_d2.png,169,3,3972
composed,2,train/2/synthetic_window_00170_s0_d2.png,train/2/meter_20260307_s0_d2.png|train/1/meter_20200701_s0_d1.png|train/5/meter_20260524_s3_d5.png|train/9/meter_20251009_s3_d9.png,170,0,2159
composed,1,train/1/synthetic_window_00170_s1_d1.png,train/2/meter_20260307_s0_d2.png|train/1/meter_20200701_s0_d1.png|train/5/meter_20260524_s3_d5.png|train/9/meter_20251009_s3_d9.png,170,1,2159
composed,5,train/5/synthetic_window_00170_s2_d5.png,train/2/meter_20260307_s0_d2.png|train/1/meter_20200701_s0_d1.png|train/5/meter_20260524_s3_d5.png|train/9/meter_20251009_s3_d9.png,170,2,2159
composed,9,train/9/synthetic_window_00170_s3_d9.png,train/2/meter_20260307_s0_d2.png|train/1/meter_20200701_s0_d1.png|train/5/meter_20260524_s3_d5.png|train/9/meter_20251009_s3_d9.png,170,3,2159
composed,0,train/0/synthetic_window_00171_s0_d0.png,train/0/meter_20260202_s2_d0.png|train/9/meter_20201111_s3_d9.png|train/0/meter_20260507_s3_d0.png|train/8/meter_20260202_s3_d8.png,171,0,0908
composed,9,train/9/synthetic_window_00171_s1_d9.png,train/0/meter_20260202_s2_d0.png|train/9/meter_20201111_s3_d9.png|train/0/meter_20260507_s3_d0.png|train/8/meter_20260202_s3_d8.png,171,1,0908
composed,0,train/0/synthetic_window_00171_s2_d0.png,train/0/meter_20260202_s2_d0.png|train/9/meter_20201111_s3_d9.png|train/0/meter_20260507_s3_d0.png|train/8/meter_20260202_s3_d8.png,171,2,0908
composed,8,train/8/synthetic_window_00171_s3_d8.png,train/0/meter_20260202_s2_d0.png|train/9/meter_20201111_s3_d9.png|train/0/meter_20260507_s3_d0.png|train/8/meter_20260202_s3_d8.png,171,3,0908
composed,9,train/9/synthetic_window_00172_s0_d9.png,train/9/meter_20251009_s3_d9.png|train/0/meter_20260507_s3_d0.png|train/1/meter_20200701_s0_d1.png|train/5/meter_20260227_s3_d5.png,172,0,9015
composed,0,train/0/synthetic_window_00172_s1_d0.png,train/9/meter_20251009_s3_d9.png|train/0/meter_20260507_s3_d0.png|train/1/meter_20200701_s0_d1.png|train/5/meter_20260227_s3_d5.png,172,1,9015
composed,1,train/1/synthetic_window_00172_s2_d1.png,train/9/meter_20251009_s3_d9.png|train/0/meter_20260507_s3_d0.png|train/1/meter_20200701_s0_d1.png|train/5/meter_20260227_s3_d5.png,172,2,9015
composed,5,train/5/synthetic_window_00172_s3_d5.png,train/9/meter_20251009_s3_d9.png|train/0/meter_20260507_s3_d0.png|train/1/meter_20200701_s0_d1.png|train/5/meter_20260227_s3_d5.png,172,3,9015
composed,4,train/4/synthetic_window_00173_s0_d4.png,train/4/meter_20260224_s3_d4.png|train/3/meter_20260310_s1_d3.png|train/3/meter_20260210_s1_d3.png|train/4/meter_20260413_s3_d4.png,173,0,4334
composed,3,train/3/synthetic_window_00173_s1_d3.png,train/4/meter_20260224_s3_d4.png|train/3/meter_20260310_s1_d3.png|train/3/meter_20260210_s1_d3.png|train/4/meter_20260413_s3_d4.png,173,1,4334
composed,3,train/3/synthetic_window_00173_s2_d3.png,train/4/meter_20260224_s3_d4.png|train/3/meter_20260310_s1_d3.png|train/3/meter_20260210_s1_d3.png|train/4/meter_20260413_s3_d4.png,173,2,4334
composed,4,train/4/synthetic_window_00173_s3_d4.png,train/4/meter_20260224_s3_d4.png|train/3/meter_20260310_s1_d3.png|train/3/meter_20260210_s1_d3.png|train/4/meter_20260413_s3_d4.png,173,3,4334
composed,0,train/0/synthetic_window_00174_s0_d0.png,train/0/meter_20260507_s3_d0.png|train/2/meter_20251009_s0_d2.png|train/6/meter_20260303_s3_d6.png|train/9/meter_20201111_s3_d9.png,174,0,0269
composed,2,train/2/synthetic_window_00174_s1_d2.png,train/0/meter_20260507_s3_d0.png|train/2/meter_20251009_s0_d2.png|train/6/meter_20260303_s3_d6.png|train/9/meter_20201111_s3_d9.png,174,1,0269
composed,6,train/6/synthetic_window_00174_s2_d6.png,train/0/meter_20260507_s3_d0.png|train/2/meter_20251009_s0_d2.png|train/6/meter_20260303_s3_d6.png|train/9/meter_20201111_s3_d9.png,174,2,0269
composed,9,train/9/synthetic_window_00174_s3_d9.png,train/0/meter_20260507_s3_d0.png|train/2/meter_20251009_s0_d2.png|train/6/meter_20260303_s3_d6.png|train/9/meter_20201111_s3_d9.png,174,3,0269
composed,5,train/5/synthetic_window_00175_s0_d5.png,train/5/meter_20260227_s3_d5.png|train/9/meter_20251009_s3_d9.png|train/5/meter_20260416_s3_d5.png|train/5/meter_20260524_s3_d5.png,175,0,5955
composed,9,train/9/synthetic_window_00175_s1_d9.png,train/5/meter_20260227_s3_d5.png|train/9/meter_20251009_s3_d9.png|train/5/meter_20260416_s3_d5.png|train/5/meter_20260524_s3_d5.png,175,1,5955
composed,5,train/5/synthetic_window_00175_s2_d5.png,train/5/meter_20260227_s3_d5.png|train/9/meter_20251009_s3_d9.png|train/5/meter_20260416_s3_d5.png|train/5/meter_20260524_s3_d5.png,175,2,5955
composed,5,train/5/synthetic_window_00175_s3_d5.png,train/5/meter_20260227_s3_d5.png|train/9/meter_20251009_s3_d9.png|train/5/meter_20260416_s3_d5.png|train/5/meter_20260524_s3_d5.png,175,3,5955
composed,7,train/7/synthetic_window_00176_s0_d7.png,train/7/meter_20260423_s3_d7.png|train/9/meter_20201111_s3_d9.png|train/3/meter_20260130_s1_d3.png|train/1/meter_20201111_s0_d1.png,176,0,7931
composed,9,train/9/synthetic_window_00176_s1_d9.png,train/7/meter_20260423_s3_d7.png|train/9/meter_20201111_s3_d9.png|train/3/meter_20260130_s1_d3.png|train/1/meter_20201111_s0_d1.png,176,1,7931
composed,3,train/3/synthetic_window_00176_s2_d3.png,train/7/meter_20260423_s3_d7.png|train/9/meter_20201111_s3_d9.png|train/3/meter_20260130_s1_d3.png|train/1/meter_20201111_s0_d1.png,176,2,7931
composed,1,train/1/synthetic_window_00176_s3_d1.png,train/7/meter_20260423_s3_d7.png|train/9/meter_20201111_s3_d9.png|train/3/meter_20260130_s1_d3.png|train/1/meter_20201111_s0_d1.png,176,3,7931
composed,4,train/4/synthetic_window_00177_s0_d4.png,train/4/meter_20260224_s3_d4.png|train/5/meter_20260227_s3_d5.png|train/3/meter_20260216_s1_d3.png|train/4/meter_20260521_s3_d4.png,177,0,4534
composed,5,train/5/synthetic_window_00177_s1_d5.png,train/4/meter_20260224_s3_d4.png|train/5/meter_20260227_s3_d5.png|train/3/meter_20260216_s1_d3.png|train/4/meter_20260521_s3_d4.png,177,1,4534
composed,3,train/3/synthetic_window_00177_s2_d3.png,train/4/meter_20260224_s3_d4.png|train/5/meter_20260227_s3_d5.png|train/3/meter_20260216_s1_d3.png|train/4/meter_20260521_s3_d4.png,177,2,4534
composed,4,train/4/synthetic_window_00177_s3_d4.png,train/4/meter_20260224_s3_d4.png|train/5/meter_20260227_s3_d5.png|train/3/meter_20260216_s1_d3.png|train/4/meter_20260521_s3_d4.png,177,3,4534
composed,5,train/5/synthetic_window_00178_s0_d5.png,train/5/meter_20260524_s3_d5.png|train/1/meter_20260220_s2_d1.png|train/9/meter_20251009_s3_d9.png|train/5/meter_20260524_s3_d5.png,178,0,5195
composed,1,train/1/synthetic_window_00178_s1_d1.png,train/5/meter_20260524_s3_d5.png|train/1/meter_20260220_s2_d1.png|train/9/meter_20251009_s3_d9.png|train/5/meter_20260524_s3_d5.png,178,1,5195
composed,9,train/9/synthetic_window_00178_s2_d9.png,train/5/meter_20260524_s3_d5.png|train/1/meter_20260220_s2_d1.png|train/9/meter_20251009_s3_d9.png|train/5/meter_20260524_s3_d5.png,178,2,5195
composed,5,train/5/synthetic_window_00178_s3_d5.png,train/5/meter_20260524_s3_d5.png|train/1/meter_20260220_s2_d1.png|train/9/meter_20251009_s3_d9.png|train/5/meter_20260524_s3_d5.png,178,3,5195
composed,5,train/5/synthetic_window_00179_s0_d5.png,train/5/meter_20260524_s3_d5.png|train/5/meter_20260524_s3_d5.png|train/3/meter_20260220_s3_d3.png|train/1/meter_20201111_s0_d1.png,179,0,5531
composed,5,train/5/synthetic_window_00179_s1_d5.png,train/5/meter_20260524_s3_d5.png|train/5/meter_20260524_s3_d5.png|train/3/meter_20260220_s3_d3.png|train/1/meter_20201111_s0_d1.png,179,1,5531
composed,3,train/3/synthetic_window_00179_s2_d3.png,train/5/meter_20260524_s3_d5.png|train/5/meter_20260524_s3_d5.png|train/3/meter_20260220_s3_d3.png|train/1/meter_20201111_s0_d1.png,179,2,5531
composed,1,train/1/synthetic_window_00179_s3_d1.png,train/5/meter_20260524_s3_d5.png|train/5/meter_20260524_s3_d5.png|train/3/meter_20260220_s3_d3.png|train/1/meter_20201111_s0_d1.png,179,3,5531
